country_name,alpha_3_code,date_first_death,date_fifth_death,deaths_per_million_10_days_after_fifth_death,deaths_per_million_15_days_after_fifth_death,deaths_per_million_20_days_after_fifth_death,deaths_per_million_25_days_after_fifth_death,deaths_per_million_30_days_after_fifth_death,deaths_per_million_35_days_after_fifth_death,deaths_per_million_40_days_after_fifth_death,deaths_per_million_45_days_after_fifth_death,deaths_per_million_50_days_after_fifth_death,deaths_per_million_55_days_after_fifth_death,deaths_per_million_60_days_after_fifth_death,deaths_per_million_65_days_after_fifth_death,deaths_per_million_70_days_after_fifth_death,deaths_per_million_75_days_after_fifth_death,deaths_per_million_80_days_after_fifth_death,deaths_per_million_85_days_after_fifth_death,deaths_per_million_90_days_after_fifth_death,deaths_per_million_95_days_after_fifth_death,deaths_per_million_100_days_after_fifth_death,deaths_per_million_105_days_after_fifth_death,deaths_per_million_110_days_after_fifth_death,deaths_per_million_115_days_after_fifth_death,deaths_per_million_120_days_after_fifth_death,deaths_per_million_125_days_after_fifth_death,deaths_per_million_130_days_after_fifth_death,deaths_per_million_135_days_after_fifth_death,deaths_per_million_140_days_after_fifth_death,deaths_per_million_145_days_after_fifth_death,deaths_per_million_150_days_after_fifth_death,stringency_index_10_days_after_fifth_death,stringency_index_15_days_after_fifth_death,stringency_index_20_days_after_fifth_death,stringency_index_25_days_after_fifth_death,stringency_index_30_days_after_fifth_death,stringency_index_35_days_after_fifth_death,stringency_index_40_days_after_fifth_death,stringency_index_45_days_after_fifth_death,stringency_index_50_days_after_fifth_death,stringency_index_55_days_after_fifth_death,stringency_index_60_days_after_fifth_death,stringency_index_65_days_after_fifth_death,stringency_index_70_days_after_fifth_death,stringency_index_75_days_after_fifth_death,stringency_index_80_days_after_fifth_death,stringency_index_85_days_after_fifth_death,stringency_index_90_days_after_fifth_death,stringency_index_95_days_after_fifth_death,stringency_index_100_days_after_fifth_death,stringency_index_105_days_after_fifth_death,stringency_index_110_days_after_fifth_death,stringency_index_115_days_after_fifth_death,stringency_index_120_days_after_fifth_death,stringency_index_125_days_after_fifth_death,stringency_index_130_days_after_fifth_death,stringency_index_135_days_after_fifth_death,stringency_index_140_days_after_fifth_death,stringency_index_145_days_after_fifth_death,stringency_index_150_days_after_fifth_death
Saint Lucia,LCA,NULL,NULL,NULL,NULL,NULL,NULL,NULL,NULL,NULL,NULL,NULL,NULL,NULL,NULL,NULL,NULL,NULL,NULL,NULL,NULL,NULL,NULL,NULL,NULL,NULL,NULL,NULL,NULL,NULL,NULL,NULL,NULL,NULL,NULL,NULL,NULL,NULL,NULL,NULL,NULL,NULL,NULL,NULL,NULL,NULL,NULL,NULL,NULL,NULL,NULL,NULL,NULL,NULL,NULL,NULL,NULL,NULL,NULL,NULL,NULL
Mongolia,MNG,NULL,NULL,NULL,NULL,NULL,NULL,NULL,NULL,NULL,NULL,NULL,NULL,NULL,NULL,NULL,NULL,NULL,NULL,NULL,NULL,NULL,NULL,NULL,NULL,NULL,NULL,NULL,NULL,NULL,NULL,NULL,NULL,NULL,NULL,NULL,NULL,NULL,NULL,NULL,NULL,NULL,NULL,NULL,NULL,NULL,NULL,NULL,NULL,NULL,NULL,NULL,NULL,NULL,NULL,NULL,NULL,NULL,NULL,NULL,NULL
Saint Kitts and Nevis,KNA,NULL,NULL,NULL,NULL,NULL,NULL,NULL,NULL,NULL,NULL,NULL,NULL,NULL,NULL,NULL,NULL,NULL,NULL,NULL,NULL,NULL,NULL,NULL,NULL,NULL,NULL,NULL,NULL,NULL,NULL,NULL,NULL,NULL,NULL,NULL,NULL,NULL,NULL,NULL,NULL,NULL,NULL,NULL,NULL,NULL,NULL,NULL,NULL,NULL,NULL,NULL,NULL,NULL,NULL,NULL,NULL,NULL,NULL,NULL,NULL
Greenland,GRL,NULL,NULL,NULL,NULL,NULL,NULL,NULL,NULL,NULL,NULL,NULL,NULL,NULL,NULL,NULL,NULL,NULL,NULL,NULL,NULL,NULL,NULL,NULL,NULL,NULL,NULL,NULL,NULL,NULL,NULL,NULL,NULL,NULL,NULL,NULL,NULL,NULL,NULL,NULL,NULL,NULL,NULL,NULL,NULL,NULL,NULL,NULL,NULL,NULL,NULL,NULL,NULL,NULL,NULL,NULL,NULL,NULL,NULL,NULL,NULL
Eritrea,ERI,NULL,NULL,NULL,NULL,NULL,NULL,NULL,NULL,NULL,NULL,NULL,NULL,NULL,NULL,NULL,NULL,NULL,NULL,NULL,NULL,NULL,NULL,NULL,NULL,NULL,NULL,NULL,NULL,NULL,NULL,NULL,NULL,NULL,NULL,NULL,NULL,NULL,NULL,NULL,NULL,NULL,NULL,NULL,NULL,NULL,NULL,NULL,NULL,NULL,NULL,NULL,NULL,NULL,NULL,NULL,NULL,NULL,NULL,NULL,NULL
Faeroe Islands,FRO,NULL,NULL,NULL,NULL,NULL,NULL,NULL,NULL,NULL,NULL,NULL,NULL,NULL,NULL,NULL,NULL,NULL,NULL,NULL,NULL,NULL,NULL,NULL,NULL,NULL,NULL,NULL,NULL,NULL,NULL,NULL,NULL,NULL,NULL,NULL,NULL,NULL,NULL,NULL,NULL,NULL,NULL,NULL,NULL,NULL,NULL,NULL,NULL,NULL,NULL,NULL,NULL,NULL,NULL,NULL,NULL,NULL,NULL,NULL,NULL
Bonaire Sint Eustatius and Saba,BES,15/09/2020,NULL,NULL,NULL,NULL,NULL,NULL,NULL,NULL,NULL,NULL,NULL,NULL,NULL,NULL,NULL,NULL,NULL,NULL,NULL,NULL,NULL,NULL,NULL,NULL,NULL,NULL,NULL,NULL,NULL,NULL,NULL,NULL,NULL,NULL,NULL,NULL,NULL,NULL,NULL,NULL,NULL,NULL,NULL,NULL,NULL,NULL,NULL,NULL,NULL,NULL,NULL,NULL,NULL,NULL,NULL,NULL,NULL,NULL,NULL
Falkland Islands,FLK,NULL,NULL,NULL,NULL,NULL,NULL,NULL,NULL,NULL,NULL,NULL,NULL,NULL,NULL,NULL,NULL,NULL,NULL,NULL,NULL,NULL,NULL,NULL,NULL,NULL,NULL,NULL,NULL,NULL,NULL,NULL,NULL,NULL,NULL,NULL,NULL,NULL,NULL,NULL,NULL,NULL,NULL,NULL,NULL,NULL,NULL,NULL,NULL,NULL,NULL,NULL,NULL,NULL,NULL,NULL,NULL,NULL,NULL,NULL,NULL
Hong Kong,HKG,NULL,NULL,NULL,NULL,NULL,NULL,NULL,NULL,NULL,NULL,NULL,NULL,NULL,NULL,NULL,NULL,NULL,NULL,NULL,NULL,NULL,NULL,NULL,NULL,NULL,NULL,NULL,NULL,NULL,NULL,NULL,NULL,NULL,NULL,NULL,NULL,NULL,NULL,NULL,NULL,NULL,NULL,NULL,NULL,NULL,NULL,NULL,NULL,NULL,NULL,NULL,NULL,NULL,NULL,NULL,NULL,NULL,NULL,NULL,NULL
Vietnam,VNM,01/08/2020,02/08/2020,0.175,0.247,0.257,0.308,0.349,0.36,0.36,0.36,0.36,NULL,NULL,NULL,NULL,NULL,NULL,NULL,NULL,NULL,NULL,NULL,NULL,NULL,NULL,NULL,NULL,NULL,NULL,NULL,NULL,78.24,78.24,74.54,74.54,74.54,74.54,NULL,NULL,NULL,NULL,NULL,NULL,NULL,NULL,NULL,NULL,NULL,NULL,NULL,NULL,NULL,NULL,NULL,NULL,NULL,NULL,NULL,NULL,NULL
French Polynesia,PYF,12/09/2020,NULL,NULL,NULL,NULL,NULL,NULL,NULL,NULL,NULL,NULL,NULL,NULL,NULL,NULL,NULL,NULL,NULL,NULL,NULL,NULL,NULL,NULL,NULL,NULL,NULL,NULL,NULL,NULL,NULL,NULL,NULL,NULL,NULL,NULL,NULL,NULL,NULL,NULL,NULL,NULL,NULL,NULL,NULL,NULL,NULL,NULL,NULL,NULL,NULL,NULL,NULL,NULL,NULL,NULL,NULL,NULL,NULL,NULL,NULL
Anguilla,AIA,NULL,NULL,NULL,NULL,NULL,NULL,NULL,NULL,NULL,NULL,NULL,NULL,NULL,NULL,NULL,NULL,NULL,NULL,NULL,NULL,NULL,NULL,NULL,NULL,NULL,NULL,NULL,NULL,NULL,NULL,NULL,NULL,NULL,NULL,NULL,NULL,NULL,NULL,NULL,NULL,NULL,NULL,NULL,NULL,NULL,NULL,NULL,NULL,NULL,NULL,NULL,NULL,NULL,NULL,NULL,NULL,NULL,NULL,NULL,NULL
Timor,TLS,NULL,NULL,NULL,NULL,NULL,NULL,NULL,NULL,NULL,NULL,NULL,NULL,NULL,NULL,NULL,NULL,NULL,NULL,NULL,NULL,NULL,NULL,NULL,NULL,NULL,NULL,NULL,NULL,NULL,NULL,NULL,NULL,NULL,NULL,NULL,NULL,NULL,NULL,NULL,NULL,NULL,NULL,NULL,NULL,NULL,NULL,NULL,NULL,NULL,NULL,NULL,NULL,NULL,NULL,NULL,NULL,NULL,NULL,NULL,NULL
Saint Vincent and the Grenadines,VCT,NULL,NULL,NULL,NULL,NULL,NULL,NULL,NULL,NULL,NULL,NULL,NULL,NULL,NULL,NULL,NULL,NULL,NULL,NULL,NULL,NULL,NULL,NULL,NULL,NULL,NULL,NULL,NULL,NULL,NULL,NULL,NULL,NULL,NULL,NULL,NULL,NULL,NULL,NULL,NULL,NULL,NULL,NULL,NULL,NULL,NULL,NULL,NULL,NULL,NULL,NULL,NULL,NULL,NULL,NULL,NULL,NULL,NULL,NULL,NULL
Comoros,COM,05/05/2020,19/06/2020,8.05,8.05,8.05,8.05,8.05,8.05,8.05,8.05,8.05,8.05,8.05,8.05,8.05,8.05,8.05,8.05,8.05,8.05,NULL,NULL,NULL,NULL,NULL,NULL,NULL,NULL,NULL,NULL,NULL,NULL,NULL,NULL,NULL,NULL,NULL,NULL,NULL,NULL,NULL,NULL,NULL,NULL,NULL,NULL,NULL,NULL,NULL,NULL,NULL,NULL,NULL,NULL,NULL,NULL,NULL,NULL,NULL,NULL
Maldives,MDV,01/05/2020,27/05/2020,12.95,14.8,14.8,14.8,14.8,16.65,20.35,24.05,25.9,27.75,27.75,29.6,35.15,35.15,40.7,44.4,49.95,51.8,53.65,53.65,59.2,61.05,NULL,NULL,NULL,NULL,NULL,NULL,NULL,NULL,NULL,NULL,NULL,NULL,NULL,NULL,NULL,NULL,NULL,NULL,NULL,NULL,NULL,NULL,NULL,NULL,NULL,NULL,NULL,NULL,NULL,NULL,NULL,NULL,NULL,NULL,NULL,NULL
Uganda,UGA,25/07/2020,04/08/2020,0.24,0.328,0.415,0.612,0.7,0.962,1.137,1.312,NULL,NULL,NULL,NULL,NULL,NULL,NULL,NULL,NULL,NULL,NULL,NULL,NULL,NULL,NULL,NULL,NULL,NULL,NULL,NULL,NULL,81.48,81.48,81.48,81.48,81.48,81.48,NULL,NULL,NULL,NULL,NULL,NULL,NULL,NULL,NULL,NULL,NULL,NULL,NULL,NULL,NULL,NULL,NULL,NULL,NULL,NULL,NULL,NULL,NULL
Grenada,GRD,NULL,NULL,NULL,NULL,NULL,NULL,NULL,NULL,NULL,NULL,NULL,NULL,NULL,NULL,NULL,NULL,NULL,NULL,NULL,NULL,NULL,NULL,NULL,NULL,NULL,NULL,NULL,NULL,NULL,NULL,NULL,NULL,NULL,NULL,NULL,NULL,NULL,NULL,NULL,NULL,NULL,NULL,NULL,NULL,NULL,NULL,NULL,NULL,NULL,NULL,NULL,NULL,NULL,NULL,NULL,NULL,NULL,NULL,NULL,NULL
International,NULL,NULL,NULL,NULL,NULL,NULL,NULL,NULL,NULL,NULL,NULL,NULL,NULL,NULL,NULL,NULL,NULL,NULL,NULL,NULL,NULL,NULL,NULL,NULL,NULL,NULL,NULL,NULL,NULL,NULL,NULL,NULL,NULL,NULL,NULL,NULL,NULL,NULL,NULL,NULL,NULL,NULL,NULL,NULL,NULL,NULL,NULL,NULL,NULL,NULL,NULL,NULL,NULL,NULL,NULL,NULL,NULL,NULL,NULL,NULL,NULL
Gibraltar,GIB,NULL,NULL,NULL,NULL,NULL,NULL,NULL,NULL,NULL,NULL,NULL,NULL,NULL,NULL,NULL,NULL,NULL,NULL,NULL,NULL,NULL,NULL,NULL,NULL,NULL,NULL,NULL,NULL,NULL,NULL,NULL,NULL,NULL,NULL,NULL,NULL,NULL,NULL,NULL,NULL,NULL,NULL,NULL,NULL,NULL,NULL,NULL,NULL,NULL,NULL,NULL,NULL,NULL,NULL,NULL,NULL,NULL,NULL,NULL,NULL
Dominica,DMA,NULL,NULL,NULL,NULL,NULL,NULL,NULL,NULL,NULL,NULL,NULL,NULL,NULL,NULL,NULL,NULL,NULL,NULL,NULL,NULL,NULL,NULL,NULL,NULL,NULL,NULL,NULL,NULL,NULL,NULL,NULL,NULL,NULL,NULL,NULL,NULL,NULL,NULL,NULL,NULL,NULL,NULL,NULL,NULL,NULL,NULL,NULL,NULL,NULL,NULL,NULL,NULL,NULL,NULL,NULL,NULL,NULL,NULL,NULL,NULL
New Caledonia,NCL,NULL,NULL,NULL,NULL,NULL,NULL,NULL,NULL,NULL,NULL,NULL,NULL,NULL,NULL,NULL,NULL,NULL,NULL,NULL,NULL,NULL,NULL,NULL,NULL,NULL,NULL,NULL,NULL,NULL,NULL,NULL,NULL,NULL,NULL,NULL,NULL,NULL,NULL,NULL,NULL,NULL,NULL,NULL,NULL,NULL,NULL,NULL,NULL,NULL,NULL,NULL,NULL,NULL,NULL,NULL,NULL,NULL,NULL,NULL,NULL
Vatican,VAT,NULL,NULL,NULL,NULL,NULL,NULL,NULL,NULL,NULL,NULL,NULL,NULL,NULL,NULL,NULL,NULL,NULL,NULL,NULL,NULL,NULL,NULL,NULL,NULL,NULL,NULL,NULL,NULL,NULL,NULL,NULL,NULL,NULL,NULL,NULL,NULL,NULL,NULL,NULL,NULL,NULL,NULL,NULL,NULL,NULL,NULL,NULL,NULL,NULL,NULL,NULL,NULL,NULL,NULL,NULL,NULL,NULL,NULL,NULL,NULL
Laos,LAO,NULL,NULL,NULL,NULL,NULL,NULL,NULL,NULL,NULL,NULL,NULL,NULL,NULL,NULL,NULL,NULL,NULL,NULL,NULL,NULL,NULL,NULL,NULL,NULL,NULL,NULL,NULL,NULL,NULL,NULL,NULL,NULL,NULL,NULL,NULL,NULL,NULL,NULL,NULL,NULL,NULL,NULL,NULL,NULL,NULL,NULL,NULL,NULL,NULL,NULL,NULL,NULL,NULL,NULL,NULL,NULL,NULL,NULL,NULL,NULL
Cambodia,KHM,NULL,NULL,NULL,NULL,NULL,NULL,NULL,NULL,NULL,NULL,NULL,NULL,NULL,NULL,NULL,NULL,NULL,NULL,NULL,NULL,NULL,NULL,NULL,NULL,NULL,NULL,NULL,NULL,NULL,NULL,NULL,NULL,NULL,NULL,NULL,NULL,NULL,NULL,NULL,NULL,NULL,NULL,NULL,NULL,NULL,NULL,NULL,NULL,NULL,NULL,NULL,NULL,NULL,NULL,NULL,NULL,NULL,NULL,NULL,NULL
Seychelles,SYC,NULL,NULL,NULL,NULL,NULL,NULL,NULL,NULL,NULL,NULL,NULL,NULL,NULL,NULL,NULL,NULL,NULL,NULL,NULL,NULL,NULL,NULL,NULL,NULL,NULL,NULL,NULL,NULL,NULL,NULL,NULL,NULL,NULL,NULL,NULL,NULL,NULL,NULL,NULL,NULL,NULL,NULL,NULL,NULL,NULL,NULL,NULL,NULL,NULL,NULL,NULL,NULL,NULL,NULL,NULL,NULL,NULL,NULL,NULL,NULL
Macedonia,MKD,23/03/2020,30/03/2020,14.4,18.24,23.519,26.879,34.079,40.319,43.199,45.599,49.919,54.239,58.559,67.678,73.438,82.078,100.798,118.557,132.957,154.077,168.476,183.356,194.876,212.155,223.675,236.635,245.275,253.434,261.114,266.874,275.034,NULL,NULL,NULL,NULL,NULL,NULL,NULL,NULL,NULL,NULL,NULL,NULL,NULL,NULL,NULL,NULL,NULL,NULL,NULL,NULL,NULL,NULL,NULL,NULL,NULL,NULL,NULL,NULL,NULL
Lesotho,LSO,10/07/2020,19/07/2020,5.602,8.869,10.736,11.203,14.004,14.004,14.471,14.471,14.471,15.404,15.404,15.404,NULL,NULL,NULL,NULL,NULL,NULL,NULL,NULL,NULL,NULL,NULL,NULL,NULL,NULL,NULL,NULL,NULL,71.3,71.3,71.3,71.3,71.3,71.3,71.3,71.3,65.74,65.74,65.74,NULL,NULL,NULL,NULL,NULL,NULL,NULL,NULL,NULL,NULL,NULL,NULL,NULL,NULL,NULL,NULL,NULL,NULL
Bhutan,BTN,NULL,NULL,NULL,NULL,NULL,NULL,NULL,NULL,NULL,NULL,NULL,NULL,NULL,NULL,NULL,NULL,NULL,NULL,NULL,NULL,NULL,NULL,NULL,NULL,NULL,NULL,NULL,NULL,NULL,NULL,NULL,NULL,NULL,NULL,NULL,NULL,NULL,NULL,NULL,NULL,NULL,NULL,NULL,NULL,NULL,NULL,NULL,NULL,NULL,NULL,NULL,NULL,NULL,NULL,NULL,NULL,NULL,NULL,NULL,NULL
Western Sahara,ESH,30/05/2020,NULL,NULL,NULL,NULL,NULL,NULL,NULL,NULL,NULL,NULL,NULL,NULL,NULL,NULL,NULL,NULL,NULL,NULL,NULL,NULL,NULL,NULL,NULL,NULL,NULL,NULL,NULL,NULL,NULL,NULL,NULL,NULL,NULL,NULL,NULL,NULL,NULL,NULL,NULL,NULL,NULL,NULL,NULL,NULL,NULL,NULL,NULL,NULL,NULL,NULL,NULL,NULL,NULL,NULL,NULL,NULL,NULL,NULL,NULL
Sint Maarten (Dutch part),SXM,02/04/2020,08/04/2020,209.878,279.838,303.158,303.158,326.477,349.797,349.797,349.797,349.797,349.797,349.797,349.797,349.797,349.797,349.797,349.797,349.797,349.797,349.797,349.797,349.797,349.797,373.117,396.437,396.437,396.437,396.437,396.437,443.076,NULL,NULL,NULL,NULL,NULL,NULL,NULL,NULL,NULL,NULL,NULL,NULL,NULL,NULL,NULL,NULL,NULL,NULL,NULL,NULL,NULL,NULL,NULL,NULL,NULL,NULL,NULL,NULL,NULL
Northern Mariana Islands,MNP,02/04/2020,NULL,NULL,NULL,NULL,NULL,NULL,NULL,NULL,NULL,NULL,NULL,NULL,NULL,NULL,NULL,NULL,NULL,NULL,NULL,NULL,NULL,NULL,NULL,NULL,NULL,NULL,NULL,NULL,NULL,NULL,NULL,NULL,NULL,NULL,NULL,NULL,NULL,NULL,NULL,NULL,NULL,NULL,NULL,NULL,NULL,NULL,NULL,NULL,NULL,NULL,NULL,NULL,NULL,NULL,NULL,NULL,NULL,NULL,NULL
Namibia,NAM,11/07/2020,22/07/2020,3.936,4.723,7.478,13.775,16.136,22.433,28.336,33.846,36.601,40.537,43.685,NULL,NULL,NULL,NULL,NULL,NULL,NULL,NULL,NULL,NULL,NULL,NULL,NULL,NULL,NULL,NULL,NULL,NULL,48.15,48.61,48.61,60.19,60.19,57.41,57.41,63.89,56.48,NULL,NULL,NULL,NULL,NULL,NULL,NULL,NULL,NULL,NULL,NULL,NULL,NULL,NULL,NULL,NULL,NULL,NULL,NULL,NULL
Cayman Islands,CYM,21/03/2020,NULL,NULL,NULL,NULL,NULL,NULL,NULL,NULL,NULL,NULL,NULL,NULL,NULL,NULL,NULL,NULL,NULL,NULL,NULL,NULL,NULL,NULL,NULL,NULL,NULL,NULL,NULL,NULL,NULL,NULL,NULL,NULL,NULL,NULL,NULL,NULL,NULL,NULL,NULL,NULL,NULL,NULL,NULL,NULL,NULL,NULL,NULL,NULL,NULL,NULL,NULL,NULL,NULL,NULL,NULL,NULL,NULL,NULL,NULL
Equatorial Guinea,GNQ,24/04/2020,14/05/2020,8.553,8.553,8.553,8.553,8.553,8.553,22.809,22.809,36.351,36.351,36.351,36.351,36.351,36.351,59.16,59.16,59.16,59.16,59.16,59.16,59.16,59.16,59.16,59.16,59.16,NULL,NULL,NULL,NULL,NULL,NULL,NULL,NULL,NULL,NULL,NULL,NULL,NULL,NULL,NULL,NULL,NULL,NULL,NULL,NULL,NULL,NULL,NULL,NULL,NULL,NULL,NULL,NULL,NULL,NULL,NULL,NULL,NULL
Curacao,CUW,26/03/2020,NULL,NULL,NULL,NULL,NULL,NULL,NULL,NULL,NULL,NULL,NULL,NULL,NULL,NULL,NULL,NULL,NULL,NULL,NULL,NULL,NULL,NULL,NULL,NULL,NULL,NULL,NULL,NULL,NULL,NULL,NULL,NULL,NULL,NULL,NULL,NULL,NULL,NULL,NULL,NULL,NULL,NULL,NULL,NULL,NULL,NULL,NULL,NULL,NULL,NULL,NULL,NULL,NULL,NULL,NULL,NULL,NULL,NULL,NULL
Armenia,ARM,27/03/2020,03/04/2020,4.725,6.749,8.099,10.124,11.811,14.511,16.199,20.586,25.985,38.134,53.32,67.494,87.067,101.916,121.489,141.737,154.898,169.747,190.67,209.231,228.804,239.941,252.764,259.851,268.625,275.712,282.124,289.549,295.96,NULL,NULL,NULL,NULL,NULL,NULL,NULL,NULL,NULL,NULL,NULL,NULL,NULL,NULL,NULL,NULL,NULL,NULL,NULL,NULL,NULL,NULL,NULL,NULL,NULL,NULL,NULL,NULL,NULL
Antigua and Barbuda,ATG,10/04/2020,NULL,NULL,NULL,NULL,NULL,NULL,NULL,NULL,NULL,NULL,NULL,NULL,NULL,NULL,NULL,NULL,NULL,NULL,NULL,NULL,NULL,NULL,NULL,NULL,NULL,NULL,NULL,NULL,NULL,NULL,NULL,NULL,NULL,NULL,NULL,NULL,NULL,NULL,NULL,NULL,NULL,NULL,NULL,NULL,NULL,NULL,NULL,NULL,NULL,NULL,NULL,NULL,NULL,NULL,NULL,NULL,NULL,NULL,NULL
Isle of Man,IMN,03/04/2020,19/04/2020,246.966,258.726,270.486,270.486,282.247,282.247,282.247,282.247,282.247,282.247,282.247,282.247,282.247,282.247,282.247,282.247,282.247,282.247,282.247,282.247,282.247,282.247,282.247,282.247,282.247,282.247,282.247,282.247,282.247,NULL,NULL,NULL,NULL,NULL,NULL,NULL,NULL,NULL,NULL,NULL,NULL,NULL,NULL,NULL,NULL,NULL,NULL,NULL,NULL,NULL,NULL,NULL,NULL,NULL,NULL,NULL,NULL,NULL
Liechtenstein,LIE,05/04/2020,NULL,NULL,NULL,NULL,NULL,NULL,NULL,NULL,NULL,NULL,NULL,NULL,NULL,NULL,NULL,NULL,NULL,NULL,NULL,NULL,NULL,NULL,NULL,NULL,NULL,NULL,NULL,NULL,NULL,NULL,NULL,NULL,NULL,NULL,NULL,NULL,NULL,NULL,NULL,NULL,NULL,NULL,NULL,NULL,NULL,NULL,NULL,NULL,NULL,NULL,NULL,NULL,NULL,NULL,NULL,NULL,NULL,NULL,NULL
Bahamas,BHS,02/04/2020,06/04/2020,20.343,22.886,27.972,27.972,27.972,27.972,27.972,27.972,27.972,27.972,27.972,27.972,27.972,27.972,27.972,27.972,27.972,27.972,27.972,27.972,27.972,27.972,35.601,35.601,38.144,50.858,73.745,101.717,119.517,NULL,NULL,NULL,NULL,NULL,NULL,NULL,NULL,NULL,NULL,NULL,NULL,NULL,NULL,NULL,NULL,NULL,NULL,NULL,NULL,NULL,NULL,NULL,NULL,NULL,NULL,NULL,NULL,NULL
Montserrat,MSR,26/04/2020,NULL,NULL,NULL,NULL,NULL,NULL,NULL,NULL,NULL,NULL,NULL,NULL,NULL,NULL,NULL,NULL,NULL,NULL,NULL,NULL,NULL,NULL,NULL,NULL,NULL,NULL,NULL,NULL,NULL,NULL,NULL,NULL,NULL,NULL,NULL,NULL,NULL,NULL,NULL,NULL,NULL,NULL,NULL,NULL,NULL,NULL,NULL,NULL,NULL,NULL,NULL,NULL,NULL,NULL,NULL,NULL,NULL,NULL,NULL
United States Virgin Islands,VIR,06/04/2020,12/05/2020,57.459,57.459,57.459,57.459,57.459,57.459,57.459,57.459,57.459,57.459,57.459,57.459,57.459,67.035,76.611,76.611,86.188,86.188,86.188,114.917,134.07,153.223,172.376,181.952,181.952,NULL,NULL,NULL,NULL,NULL,NULL,NULL,NULL,NULL,NULL,NULL,NULL,NULL,NULL,NULL,NULL,NULL,NULL,NULL,NULL,NULL,NULL,NULL,NULL,NULL,NULL,NULL,NULL,NULL,NULL,NULL,NULL,NULL
Sao Tome and Principe,STP,01/05/2020,09/05/2020,31.94,36.503,54.754,54.754,54.754,54.754,54.754,54.754,59.317,59.317,59.317,63.88,63.88,63.88,63.88,68.443,68.443,68.443,68.443,68.443,68.443,68.443,68.443,68.443,68.443,68.443,NULL,NULL,NULL,NULL,NULL,NULL,NULL,NULL,NULL,NULL,NULL,NULL,NULL,NULL,NULL,NULL,NULL,NULL,NULL,NULL,NULL,NULL,NULL,NULL,NULL,NULL,NULL,NULL,NULL,NULL,NULL,NULL
Belize,BLZ,06/04/2020,20/08/2020,32.694,32.694,40.239,47.784,50.299,NULL,NULL,NULL,NULL,NULL,NULL,NULL,NULL,NULL,NULL,NULL,NULL,NULL,NULL,NULL,NULL,NULL,NULL,NULL,NULL,NULL,NULL,NULL,NULL,70.83,72.22,72.22,72.22,NULL,NULL,NULL,NULL,NULL,NULL,NULL,NULL,NULL,NULL,NULL,NULL,NULL,NULL,NULL,NULL,NULL,NULL,NULL,NULL,NULL,NULL,NULL,NULL,NULL
Monaco,MCO,11/04/2020,NULL,NULL,NULL,NULL,NULL,NULL,NULL,NULL,NULL,NULL,NULL,NULL,NULL,NULL,NULL,NULL,NULL,NULL,NULL,NULL,NULL,NULL,NULL,NULL,NULL,NULL,NULL,NULL,NULL,NULL,NULL,NULL,NULL,NULL,NULL,NULL,NULL,NULL,NULL,NULL,NULL,NULL,NULL,NULL,NULL,NULL,NULL,NULL,NULL,NULL,NULL,NULL,NULL,NULL,NULL,NULL,NULL,NULL,NULL
Papua New Guinea,PNG,29/07/2020,29/08/2020,0.559,0.671,0.671,NULL,NULL,NULL,NULL,NULL,NULL,NULL,NULL,NULL,NULL,NULL,NULL,NULL,NULL,NULL,NULL,NULL,NULL,NULL,NULL,NULL,NULL,NULL,NULL,NULL,NULL,43.52,43.52,NULL,NULL,NULL,NULL,NULL,NULL,NULL,NULL,NULL,NULL,NULL,NULL,NULL,NULL,NULL,NULL,NULL,NULL,NULL,NULL,NULL,NULL,NULL,NULL,NULL,NULL,NULL
Rwanda,RWA,31/05/2020,19/07/2020,0.386,0.386,0.386,0.618,0.618,0.849,1.158,1.235,1.467,1.699,1.699,2.085,NULL,NULL,NULL,NULL,NULL,NULL,NULL,NULL,NULL,NULL,NULL,NULL,NULL,NULL,NULL,NULL,NULL,75.93,75.93,75.93,75.93,75.93,75.93,70.37,70.37,78.7,78.7,NULL,NULL,NULL,NULL,NULL,NULL,NULL,NULL,NULL,NULL,NULL,NULL,NULL,NULL,NULL,NULL,NULL,NULL,NULL
Burundi,BDI,15/04/2020,NULL,NULL,NULL,NULL,NULL,NULL,NULL,NULL,NULL,NULL,NULL,NULL,NULL,NULL,NULL,NULL,NULL,NULL,NULL,NULL,NULL,NULL,NULL,NULL,NULL,NULL,NULL,NULL,NULL,NULL,NULL,NULL,NULL,NULL,NULL,NULL,NULL,NULL,NULL,NULL,NULL,NULL,NULL,NULL,NULL,NULL,NULL,NULL,NULL,NULL,NULL,NULL,NULL,NULL,NULL,NULL,NULL,NULL,NULL
Fiji,FJI,01/08/2020,NULL,NULL,NULL,NULL,NULL,NULL,NULL,NULL,NULL,NULL,NULL,NULL,NULL,NULL,NULL,NULL,NULL,NULL,NULL,NULL,NULL,NULL,NULL,NULL,NULL,NULL,NULL,NULL,NULL,NULL,NULL,NULL,NULL,NULL,NULL,NULL,NULL,NULL,NULL,NULL,NULL,NULL,NULL,NULL,NULL,NULL,NULL,NULL,NULL,NULL,NULL,NULL,NULL,NULL,NULL,NULL,NULL,NULL,NULL
Aruba,ABW,16/04/2020,20/08/2020,93.663,121.762,140.494,168.593,215.424,NULL,NULL,NULL,NULL,NULL,NULL,NULL,NULL,NULL,NULL,NULL,NULL,NULL,NULL,NULL,NULL,NULL,NULL,NULL,NULL,NULL,NULL,NULL,NULL,60.65,60.65,55.09,63.43,NULL,NULL,NULL,NULL,NULL,NULL,NULL,NULL,NULL,NULL,NULL,NULL,NULL,NULL,NULL,NULL,NULL,NULL,NULL,NULL,NULL,NULL,NULL,NULL,NULL
Guernsey,GGY,04/04/2020,09/04/2020,134.224,149.138,193.879,193.879,193.879,193.879,193.879,193.879,193.879,193.879,193.879,193.879,193.879,193.879,193.879,193.879,193.879,193.879,193.879,193.879,193.879,193.879,193.879,193.879,193.879,193.879,193.879,193.879,193.879,NULL,NULL,NULL,NULL,NULL,NULL,NULL,NULL,NULL,NULL,NULL,NULL,NULL,NULL,NULL,NULL,NULL,NULL,NULL,NULL,NULL,NULL,NULL,NULL,NULL,NULL,NULL,NULL,NULL
Gambia,GMB,24/03/2020,23/07/2020,3.724,6.621,13.241,26.069,34.759,38.483,39.724,40.966,41.379,43.448,44.69,NULL,NULL,NULL,NULL,NULL,NULL,NULL,NULL,NULL,NULL,NULL,NULL,NULL,NULL,NULL,NULL,NULL,NULL,31.94,77.78,77.78,77.78,77.78,75.93,75.93,75.93,75.93,75.93,NULL,NULL,NULL,NULL,NULL,NULL,NULL,NULL,NULL,NULL,NULL,NULL,NULL,NULL,NULL,NULL,NULL,NULL,NULL
Malta,MLT,10/04/2020,06/05/2020,13.589,13.589,13.589,20.383,20.383,20.383,20.383,20.383,20.383,20.383,20.383,20.383,20.383,20.383,20.383,20.383,20.383,20.383,20.383,20.383,22.648,22.648,29.442,31.707,33.972,36.237,NULL,NULL,NULL,NULL,NULL,NULL,NULL,NULL,NULL,NULL,NULL,NULL,NULL,NULL,NULL,NULL,NULL,NULL,NULL,NULL,NULL,NULL,NULL,NULL,NULL,NULL,NULL,NULL,NULL,NULL,NULL,NULL
Botswana,BWA,02/04/2020,27/08/2020,3.402,4.252,4.678,5.528,NULL,NULL,NULL,NULL,NULL,NULL,NULL,NULL,NULL,NULL,NULL,NULL,NULL,NULL,NULL,NULL,NULL,NULL,NULL,NULL,NULL,NULL,NULL,NULL,NULL,49.07,49.07,NULL,NULL,NULL,NULL,NULL,NULL,NULL,NULL,NULL,NULL,NULL,NULL,NULL,NULL,NULL,NULL,NULL,NULL,NULL,NULL,NULL,NULL,NULL,NULL,NULL,NULL,NULL
World,OWID_WRL,11/01/2020,21/01/2020,0.027,0.063,0.117,0.196,0.273,0.346,0.382,0.434,0.551,0.839,1.46,2.771,4.967,8.534,12.599,16.631,21.614,25.632,29.237,32.281,35.776,38.732,41.384,43.921,46.702,49.284,51.887,54.898,58.057,NULL,NULL,NULL,NULL,NULL,NULL,NULL,NULL,NULL,NULL,NULL,NULL,NULL,NULL,NULL,NULL,NULL,NULL,NULL,NULL,NULL,NULL,NULL,NULL,NULL,NULL,NULL,NULL,NULL
Guinea-Bissau,GNB,27/04/2020,20/05/2020,4.065,4.065,6.098,7.622,7.622,9.654,10.671,12.195,12.703,12.703,13.211,13.211,13.211,13.211,13.72,14.736,16.768,16.768,16.768,17.276,19.309,19.817,19.817,19.817,NULL,NULL,NULL,NULL,NULL,NULL,NULL,NULL,NULL,NULL,NULL,NULL,NULL,NULL,NULL,NULL,NULL,NULL,NULL,NULL,NULL,NULL,NULL,NULL,NULL,NULL,NULL,NULL,NULL,NULL,NULL,NULL,NULL,NULL
Turks and Caicos Islands,TCA,06/04/2020,05/09/2020,129.139,129.139,NULL,NULL,NULL,NULL,NULL,NULL,NULL,NULL,NULL,NULL,NULL,NULL,NULL,NULL,NULL,NULL,NULL,NULL,NULL,NULL,NULL,NULL,NULL,NULL,NULL,NULL,NULL,NULL,NULL,NULL,NULL,NULL,NULL,NULL,NULL,NULL,NULL,NULL,NULL,NULL,NULL,NULL,NULL,NULL,NULL,NULL,NULL,NULL,NULL,NULL,NULL,NULL,NULL,NULL,NULL,NULL
Malawi,MWI,08/04/2020,14/06/2020,0.575,0.68,0.836,1.307,2.039,3.084,4.13,5.384,6.43,7.162,7.946,8.416,8.677,9.043,9.148,9.148,9.253,9.305,9.357,NULL,NULL,NULL,NULL,NULL,NULL,NULL,NULL,NULL,NULL,60.19,60.19,60.19,60.19,60.19,60.19,60.19,60.19,60.19,64.81,64.81,64.81,64.81,64.81,59.26,55.56,55.56,55.56,NULL,NULL,NULL,NULL,NULL,NULL,NULL,NULL,NULL,NULL,NULL
Cape Verde,CPV,25/03/2020,03/06/2020,10.792,12.59,14.389,21.583,26.979,32.375,34.173,35.972,37.771,39.569,43.166,48.562,59.354,62.951,66.548,68.347,71.944,75.541,77.34,82.736,91.729,NULL,NULL,NULL,NULL,NULL,NULL,NULL,NULL,79.17,79.17,79.17,79.17,79.17,79.17,79.17,68.06,68.06,65.28,65.28,65.28,65.28,65.28,65.28,65.28,68.98,68.98,68.98,68.98,NULL,NULL,NULL,NULL,NULL,NULL,NULL,NULL,NULL
Jersey,JEY,27/03/2020,16/04/2020,187.983,227.558,237.452,247.346,267.134,286.921,286.921,286.921,296.815,296.815,296.815,306.709,306.709,306.709,306.709,306.709,306.709,306.709,306.709,306.709,306.709,306.709,306.709,316.603,316.603,316.603,316.603,316.603,316.603,NULL,NULL,NULL,NULL,NULL,NULL,NULL,NULL,NULL,NULL,NULL,NULL,NULL,NULL,NULL,NULL,NULL,NULL,NULL,NULL,NULL,NULL,NULL,NULL,NULL,NULL,NULL,NULL,NULL
Central African Republic,CAF,24/05/2020,07/06/2020,2.899,4.762,8.282,9.731,10.767,10.974,10.974,11.388,12.216,12.216,12.216,12.423,12.63,12.63,12.63,12.63,12.837,12.837,12.837,12.837,NULL,NULL,NULL,NULL,NULL,NULL,NULL,NULL,NULL,64.81,64.81,64.81,64.81,64.81,64.81,53.7,53.7,54.63,54.63,54.63,54.63,54.63,54.63,54.63,54.63,54.63,54.63,NULL,NULL,NULL,NULL,NULL,NULL,NULL,NULL,NULL,NULL,NULL
Mozambique,MOZ,26/05/2020,22/06/2020,0.192,0.256,0.288,0.288,0.352,0.352,0.352,0.48,0.512,0.608,0.64,0.672,0.736,0.832,0.896,1.12,1.312,NULL,NULL,NULL,NULL,NULL,NULL,NULL,NULL,NULL,NULL,NULL,NULL,80.56,80.56,80.56,75,75,75,44.44,44.44,75,75,62.5,62.5,62.5,62.04,62.04,62.04,62.04,NULL,NULL,NULL,NULL,NULL,NULL,NULL,NULL,NULL,NULL,NULL,NULL
British Virgin Islands,VGB,20/04/2020,NULL,NULL,NULL,NULL,NULL,NULL,NULL,NULL,NULL,NULL,NULL,NULL,NULL,NULL,NULL,NULL,NULL,NULL,NULL,NULL,NULL,NULL,NULL,NULL,NULL,NULL,NULL,NULL,NULL,NULL,NULL,NULL,NULL,NULL,NULL,NULL,NULL,NULL,NULL,NULL,NULL,NULL,NULL,NULL,NULL,NULL,NULL,NULL,NULL,NULL,NULL,NULL,NULL,NULL,NULL,NULL,NULL,NULL,NULL
Brunei,BRN,29/03/2020,NULL,NULL,NULL,NULL,NULL,NULL,NULL,NULL,NULL,NULL,NULL,NULL,NULL,NULL,NULL,NULL,NULL,NULL,NULL,NULL,NULL,NULL,NULL,NULL,NULL,NULL,NULL,NULL,NULL,NULL,NULL,NULL,NULL,NULL,NULL,NULL,NULL,NULL,NULL,NULL,NULL,NULL,NULL,NULL,NULL,NULL,NULL,NULL,NULL,NULL,NULL,NULL,NULL,NULL,NULL,NULL,NULL,NULL,NULL
South Sudan,SSD,15/05/2020,20/05/2020,0.893,0.893,1.697,2.412,2.769,3.127,3.216,3.395,3.573,3.663,3.841,4.02,4.109,4.109,4.199,4.199,4.199,4.199,4.199,4.199,4.288,4.288,4.377,4.377,NULL,NULL,NULL,NULL,NULL,85.19,85.19,85.19,85.19,85.19,85.19,85.19,85.19,80.56,80.56,80.56,80.56,80.56,80.56,81.48,81.48,81.48,77.78,77.78,77.78,77.78,72.22,72.22,NULL,NULL,NULL,NULL,NULL,NULL
Benin,BEN,07/04/2020,13/06/2020,1.072,1.155,1.732,1.732,2.145,2.557,2.557,2.887,2.97,3.134,3.134,3.217,3.217,3.299,3.299,3.299,3.299,3.299,3.299,NULL,NULL,NULL,NULL,NULL,NULL,NULL,NULL,NULL,NULL,41.67,41.67,41.67,41.67,41.67,41.67,41.67,41.67,41.67,41.67,41.67,41.67,41.67,41.67,41.67,41.67,41.67,NULL,NULL,NULL,NULL,NULL,NULL,NULL,NULL,NULL,NULL,NULL,NULL
Palestine,PSE,27/03/2020,24/05/2020,0.98,0.98,0.98,0.98,0.98,1.176,2.156,4.313,7.253,10.781,13.134,15.486,16.662,18.034,22.151,23.719,26.463,29.6,33.912,39.009,43.909,51.162,58.807,NULL,NULL,NULL,NULL,NULL,NULL,80.56,80.56,80.56,80.56,80.56,80.56,83.33,83.33,83.33,83.33,83.33,77.78,77.78,77.78,77.78,77.78,77.78,77.78,77.78,77.78,77.78,NULL,NULL,NULL,NULL,NULL,NULL,NULL,NULL
Djibouti,DJI,10/04/2020,19/05/2020,20.243,25.304,28.34,38.461,43.522,48.583,52.631,55.668,55.668,56.68,56.68,58.704,58.704,58.704,59.716,59.716,59.716,60.729,60.729,60.729,60.729,61.741,61.741,61.741,NULL,NULL,NULL,NULL,NULL,53.7,53.7,53.7,53.7,53.7,53.7,53.7,53.7,53.7,53.7,45.37,45.37,45.37,45.37,45.37,45.37,45.37,45.37,45.37,45.37,45.37,37.96,NULL,NULL,NULL,NULL,NULL,NULL,NULL
Suriname,SUR,04/04/2020,16/06/2020,17.046,22.16,23.865,30.684,30.684,35.797,39.207,44.321,46.025,49.435,69.89,92.051,102.278,114.211,124.439,155.122,158.532,163.645,NULL,NULL,NULL,NULL,NULL,NULL,NULL,NULL,NULL,NULL,NULL,81.48,81.48,86.11,86.11,86.11,83.33,81.48,75.93,75.93,79.63,85.19,85.19,85.19,96.3,96.3,96.3,NULL,NULL,NULL,NULL,NULL,NULL,NULL,NULL,NULL,NULL,NULL,NULL,NULL
Yemen,YEM,01/05/2020,07/05/2020,0.637,1.106,1.643,2.682,3.722,4.325,6.974,8.516,9.656,10.461,11.332,12.204,14.518,14.987,15.892,16.328,16.965,17.267,17.703,18.072,18.608,18.91,19.178,19.312,19.547,19.614,NULL,NULL,NULL,56.48,56.48,56.48,58.33,58.33,58.33,58.33,58.33,58.33,58.33,58.33,58.33,31.48,31.48,31.48,31.48,31.48,31.48,31.48,31.48,31.48,31.48,31.48,31.48,31.48,NULL,NULL,NULL,NULL
Angola,AGO,30/03/2020,12/06/2020,0.274,0.304,0.456,0.578,0.761,0.852,0.882,1.217,1.552,1.795,2.282,2.617,2.799,3.103,3.256,3.438,3.773,4.077,4.381,NULL,NULL,NULL,NULL,NULL,NULL,NULL,NULL,NULL,NULL,75.93,75.93,75.93,75.93,76.39,76.39,76.39,76.39,79.17,79.17,79.17,79.17,76.39,76.39,76.39,81.02,81.02,81.02,NULL,NULL,NULL,NULL,NULL,NULL,NULL,NULL,NULL,NULL,NULL
Syria,SYR,30/03/2020,02/06/2020,0.343,0.343,0.4,0.457,0.514,0.8,0.914,1.257,1.771,2.171,2.343,2.743,2.971,3.428,4.686,5.257,6.228,7.257,8.171,8.971,9.6,NULL,NULL,NULL,NULL,NULL,NULL,NULL,NULL,61.11,61.11,61.11,61.11,61.11,61.11,61.11,61.11,61.11,61.11,61.11,61.11,57.41,57.41,57.41,57.41,61.11,61.11,61.11,NULL,NULL,NULL,NULL,NULL,NULL,NULL,NULL,NULL,NULL
Mauritania,MRT,03/04/2020,22/05/2020,4.947,9.248,13.119,19.571,23.228,25.593,27.099,27.959,30.97,32.045,33.336,33.551,33.551,33.766,33.766,33.766,33.981,33.981,33.981,34.411,34.411,34.626,34.626,NULL,NULL,NULL,NULL,NULL,NULL,77.78,77.78,77.78,77.78,77.78,77.78,74.07,74.07,29.63,29.63,29.63,29.63,29.63,29.63,29.63,29.63,29.63,29.63,29.63,22.22,22.22,NULL,NULL,NULL,NULL,NULL,NULL,NULL,NULL
Madagascar,MDG,18/05/2020,30/05/2020,0.325,0.361,0.469,0.542,0.65,0.939,1.192,1.336,1.986,2.528,3.358,4.117,4.875,5.634,6.175,6.428,6.645,7.042,7.223,7.548,7.764,8.125,NULL,NULL,NULL,NULL,NULL,NULL,NULL,70.37,70.37,70.37,70.37,68.98,68.98,68.98,68.98,68.98,68.98,68.98,68.98,68.98,67.59,65.74,70.37,59.26,58.33,58.33,56.48,56.48,NULL,NULL,NULL,NULL,NULL,NULL,NULL,NULL
Montenegro,MNE,27/03/2020,19/04/2020,11.145,12.738,12.738,14.33,14.33,14.33,14.33,14.33,14.33,14.33,14.33,14.33,14.33,20.699,27.067,36.621,41.397,55.727,68.465,79.61,95.532,113.046,122.599,130.56,140.114,159.22,170.365,181.511,195.841,NULL,NULL,NULL,NULL,NULL,NULL,NULL,NULL,NULL,NULL,NULL,NULL,NULL,NULL,NULL,NULL,NULL,NULL,NULL,NULL,NULL,NULL,NULL,NULL,NULL,NULL,NULL,NULL,NULL
Democratic Republic of Congo,COD,22/03/2020,29/03/2020,0.201,0.223,0.279,0.279,0.335,0.368,0.402,0.558,0.67,0.703,0.759,0.804,0.904,1.083,1.251,1.452,1.664,1.943,2.032,2.099,2.144,2.177,2.278,2.389,2.389,2.49,2.669,2.747,2.791,80.56,80.56,80.56,80.56,80.56,80.56,80.56,80.56,80.56,80.56,80.56,80.56,80.56,80.56,80.56,80.56,80.56,80.56,80.56,80.56,80.56,55.56,55.56,55.56,59.26,48.15,37.04,37.04,42.59
Singapore,SGP,22/03/2020,03/04/2020,1.367,1.88,2.051,2.393,2.906,3.419,3.59,3.76,3.931,3.931,4.102,4.273,4.273,4.444,4.444,4.444,4.444,4.444,4.444,4.615,4.615,4.615,4.615,4.615,4.615,4.615,4.615,4.615,4.615,79.63,85.19,85.19,85.19,85.19,85.19,81.48,81.48,81.48,81.48,77.78,77.78,77.78,77.78,53.7,53.7,53.7,53.7,53.7,53.7,53.7,51.85,51.85,51.85,51.85,51.85,51.85,51.85,51.85
Sri Lanka,LKA,29/03/2020,05/04/2020,0.327,0.327,0.327,0.327,0.374,0.42,0.42,0.42,0.42,0.467,0.514,0.514,0.514,0.514,0.514,0.514,0.514,0.514,0.514,0.514,0.514,0.514,0.514,0.514,0.514,0.514,0.56,0.56,0.56,100,81.48,79.63,79.63,79.63,79.63,82.41,82.41,79.63,76.85,76.85,60.19,55.56,55.56,55.56,53.7,53.7,50,53.7,53.7,53.7,50,41.67,41.67,41.67,41.67,25.93,25.93,25.93
Georgia,GEO,06/04/2020,23/04/2020,2.005,2.256,2.757,3.008,3.008,3.008,3.008,3.259,3.259,3.509,3.509,3.509,3.76,3.76,3.76,3.76,4.011,4.011,4.262,4.262,4.262,4.262,4.262,4.763,4.763,4.763,4.763,4.763,4.763,96.3,96.3,96.3,96.3,86.11,86.11,71.3,71.3,71.3,60.19,57.41,57.41,60.19,60.19,59.26,53.7,53.7,53.7,53.7,53.7,59.26,59.26,59.26,59.26,59.26,69.44,69.44,NULL,NULL
Belgium,BEL,11/03/2020,13/03/2020,18.724,61.089,138.745,244.702,370.332,485.003,572.323,640.315,686.218,722.543,753.002,771.898,786.135,798.991,808.569,816.334,821.166,824.013,826.257,829.104,831.348,832.556,833.16,834.368,835.489,836.438,837.474,839.027,840.925,81.48,81.48,81.48,81.48,81.48,81.48,81.48,81.48,81.48,78.7,75,75,75,75,75,73.15,51.85,51.85,51.85,51.85,48.15,48.15,48.15,48.15,48.15,48.15,61.11,61.11,62.96
Uruguay,URY,30/03/2020,05/04/2020,2.303,2.879,3.455,4.318,4.894,5.182,5.47,5.758,6.333,6.333,6.621,6.621,6.621,6.909,7.197,7.773,8.061,8.348,8.924,9.5,9.788,10.076,10.364,10.651,10.651,11.515,12.091,12.379,12.667,62.96,62.96,61.11,61.11,61.11,61.11,61.11,61.11,61.11,61.11,57.41,57.41,57.41,57.41,57.41,46.3,46.3,40.74,20.37,20.37,20.37,20.37,24.07,24.07,24.07,29.63,29.63,29.63,29.63
Swaziland,SWZ,18/04/2020,21/06/2020,9.481,11.205,15.515,17.239,19.825,24.135,34.478,42.235,49.993,58.612,68.094,73.266,78.437,81.023,82.747,84.471,88.781,NULL,NULL,NULL,NULL,NULL,NULL,NULL,NULL,NULL,NULL,NULL,NULL,84.26,84.26,80.56,80.56,80.56,80.56,80.56,80.56,80.56,80.56,64.81,64.81,64.81,64.81,64.81,62.96,62.96,NULL,NULL,NULL,NULL,NULL,NULL,NULL,NULL,NULL,NULL,NULL,NULL
Cuba,CUB,19/03/2020,01/04/2020,1.324,2.119,3.178,4.503,5.386,6.092,6.798,6.975,6.975,7.24,7.328,7.328,7.328,7.416,7.504,7.504,7.593,7.593,7.593,7.681,7.681,7.681,7.681,7.681,7.769,7.769,7.769,8.034,8.122,73.15,73.15,83.33,83.33,83.33,85.19,100,100,100,100,100,100,100,100,86.11,86.11,86.11,58.33,58.33,58.33,58.33,58.33,58.33,58.33,66.67,74.07,74.07,74.07,74.07
Senegal,SEN,02/04/2020,21/04/2020,0.538,0.657,1.135,1.493,1.792,2.15,2.508,2.688,3.106,3.583,4.718,5.554,6.45,7.704,8.54,8.958,9.974,10.87,11.945,12.602,13.677,14.572,15.289,16.066,16.663,17.141,17.379,17.618,17.917,77.78,77.78,72.22,72.22,72.22,72.22,72.22,72.22,61.11,61.11,61.11,57.41,46.3,46.3,46.3,46.3,32.41,32.41,32.41,32.41,32.41,32.41,37.96,37.96,37.96,37.96,37.96,37.96,NULL
Togo,TGO,28/03/2020,17/04/2020,0.725,1.087,1.087,1.329,1.329,1.449,1.57,1.57,1.57,1.57,1.57,1.57,1.691,1.691,1.812,1.812,1.812,1.812,2.053,2.174,2.295,2.778,3.141,3.261,3.261,3.261,3.745,4.107,4.469,73.15,73.15,73.15,73.15,73.15,73.15,73.15,73.15,73.15,53.7,53.7,53.7,53.7,53.7,53.7,53.7,53.7,50.93,50.93,50.93,45.37,45.37,45.37,48.15,48.15,49.07,49.07,49.07,49.07
South Africa,ZAF,27/03/2020,01/04/2020,0.405,0.573,0.978,1.45,1.737,2.495,3.271,4.165,5.716,8.11,10.842,14.298,19.592,24.954,30.872,37.178,42.641,51.021,62.723,73.278,84.861,106.949,126.406,143.976,172.15,190.023,206.783,220.187,231.72,87.96,87.96,87.96,87.96,84.26,84.26,84.26,84.26,84.26,84.26,84.26,80.56,76.85,76.85,76.85,76.85,76.85,76.85,76.85,80.56,80.56,80.56,80.56,80.56,80.56,80.56,77.78,77.78,77.78
Ghana,GHA,22/03/2020,29/03/2020,0.161,0.257,0.257,0.29,0.354,0.579,0.579,0.708,0.933,0.998,1.094,1.159,1.416,1.545,1.867,2.735,3.315,3.765,4.152,4.345,4.473,4.924,5.407,5.857,6.404,6.919,7.434,8.4,8.689,86.11,86.11,84.26,62.04,62.04,62.04,62.04,62.04,62.04,62.04,56.48,56.48,56.48,56.48,56.48,52.78,52.78,52.78,52.78,52.78,52.78,52.78,52.78,52.78,52.78,52.78,52.78,52.78,52.78
Russia,RUS,27/03/2020,29/03/2020,0.397,0.891,1.871,3.515,5.448,8.374,11.135,14.5,18.029,22.263,27.19,33.268,39.23,44.76,49.913,55.58,60.171,65.344,70.552,76.781,81.797,86.203,90.924,95.68,99.579,103.204,107.014,110.317,113.53,85.19,85.19,85.19,85.19,85.19,85.19,85.19,78.24,78.24,78.24,78.24,74.54,74.54,74.54,74.54,74.54,72.69,72.69,72.69,72.69,68.06,68.06,68.06,68.06,68.06,68.06,68.06,54.17,54.17
Serbia,SRB,21/03/2020,28/03/2020,8.524,10.875,15.137,18.37,22.926,27.188,29.833,32.037,33.507,34.829,35.123,35.711,36.299,36.887,37.475,38.209,38.797,40.708,45.704,54.375,63.046,70.834,77.301,83.032,88.91,94.201,97.728,100.52,103.019,100,100,100,96.3,93.52,96.3,93.52,93.52,51.85,49.07,49.07,43.52,24.07,24.07,24.07,24.07,24.07,38.89,38.89,44.44,44.44,55.56,55.56,55.56,55.56,55.56,58.33,58.33,58.33
Sierra Leone,SLE,24/04/2020,01/05/2020,2.256,3.385,4.262,5.265,5.767,5.892,6.268,6.393,6.644,7.02,7.522,7.772,7.898,8.023,8.148,8.274,8.399,8.399,8.525,8.65,8.65,8.65,8.775,8.901,8.901,9.026,9.026,NULL,NULL,73.15,73.15,73.15,73.15,73.15,73.15,56.48,56.48,56.48,56.48,56.48,46.3,46.3,40.74,40.74,32.41,32.41,32.41,32.41,32.41,32.41,32.41,32.41,32.41,32.41,NULL,NULL,NULL,NULL
Cote d'Ivoire,CIV,30/03/2020,13/04/2020,0.531,0.531,0.569,0.758,0.796,1.024,1.099,1.175,1.251,1.365,1.554,1.744,1.933,2.275,2.578,2.843,3.109,3.298,3.526,3.639,3.867,3.905,3.981,4.094,4.246,4.322,4.36,4.511,4.511,80.56,80.56,80.56,69.91,69.91,64.81,64.81,59.26,59.26,59.26,59.26,57.41,57.41,60.65,57.87,57.87,57.87,60.65,60.65,44.91,26.39,26.39,26.39,26.39,32.87,32.87,32.87,32.87,34.26
Spain,ESP,05/03/2020,07/03/2020,6.609,28.361,87.456,175.148,265.598,338.853,404.087,455.183,495.992,530.94,553.034,572.006,589.523,597.586,579.983,580.197,580.347,580.39,580.39,605.756,605.927,606.462,607.104,607.489,607.703,607.895,608.109,608.344,609.521,71.76,71.76,71.76,85.19,85.19,85.19,85.19,85.19,85.19,85.19,81.94,81.94,83.33,79.17,71.76,68.06,66.67,57.41,57.41,57.41,39.35,39.35,55.09,55.09,64.35,64.35,64.35,64.35,64.35
Ukraine,UKR,19/03/2020,27/03/2020,0.846,1.578,2.469,3.453,4.596,5.968,7.226,8.94,10.884,12.896,14.245,15.914,17.081,18.521,20.328,22.523,24.032,26.227,28.056,30.343,32.286,33.955,35.922,37.728,39.74,42.965,45.983,48.384,51.928,88.89,88.89,88.89,88.89,88.89,88.89,88.89,88.89,88.89,88.89,79.63,79.63,72.69,72.69,64.35,64.35,37.96,37.96,37.96,37.96,37.96,37.96,37.96,37.96,54.17,54.17,54.17,54.17,54.17
Nepal,NPL,17/05/2020,29/05/2020,0.446,0.549,0.686,0.789,0.927,1.064,1.201,1.304,1.373,1.441,1.647,1.922,2.231,2.849,3.569,4.702,6.006,7.825,9.61,10.88,12.733,14.106,NULL,NULL,NULL,NULL,NULL,NULL,NULL,92.59,92.59,92.59,92.59,92.59,92.59,92.59,92.59,92.59,74.07,78.7,78.7,84.26,90.74,90.74,82.41,82.41,82.41,74.07,74.07,74.07,NULL,NULL,NULL,NULL,NULL,NULL,NULL,NULL
Panama,PAN,11/03/2020,24/03/2020,8.575,13.674,20.163,26.884,33.374,38.704,45.657,52.146,58.404,63.735,68.37,73.005,79.726,89.46,96.877,105.915,116.113,133.263,149.487,178.457,206.964,231.762,268.612,299.9,329.334,359.927,385.652,404.657,427.369,90.74,90.74,90.74,93.52,93.52,93.52,93.52,93.52,89.81,89.81,89.81,89.81,89.81,83.33,83.33,83.33,83.33,83.33,83.33,83.33,83.33,83.33,84.26,80.56,80.56,80.56,83.33,83.33,81.48
Zimbabwe,ZWE,24/03/2020,21/06/2020,0.471,0.538,0.875,1.346,1.749,2.288,3.566,5.45,6.997,8.612,10.092,10.429,13.187,13.86,14.667,15.071,15.071,NULL,NULL,NULL,NULL,NULL,NULL,NULL,NULL,NULL,NULL,NULL,NULL,70.37,70.37,76.85,76.85,76.85,80.56,80.56,80.56,80.56,80.56,80.56,80.56,80.56,80.56,80.56,76.85,NULL,NULL,NULL,NULL,NULL,NULL,NULL,NULL,NULL,NULL,NULL,NULL,NULL
Zambia,ZMB,03/04/2020,10/05/2020,0.381,0.381,0.381,0.381,0.544,0.544,0.598,0.979,1.197,1.632,2.285,2.285,5.929,6.963,7.724,9.247,10.879,13.381,14.36,15.067,15.339,15.775,16.047,16.645,17.733,18.005,NULL,NULL,NULL,43.52,43.52,43.52,39.81,39.81,39.81,39.81,39.81,50.93,50.93,50.93,50.93,50.93,50.93,50.93,50.93,50.93,50.93,50.93,49.07,49.07,50.93,50.93,50.93,NULL,NULL,NULL,NULL,NULL
Greece,GRC,12/03/2020,18/03/2020,2.686,4.797,7.579,8.923,10.074,11.609,12.472,13.432,14.103,14.487,15.542,16.118,16.598,16.79,17.269,17.557,17.653,18.229,18.325,18.421,18.421,18.517,18.517,18.709,19.284,19.476,20.052,20.34,21.395,84.26,84.26,84.26,84.26,84.26,84.26,84.26,84.26,72.22,68.52,68.52,68.52,68.52,54.63,54.63,54.63,40.74,40.74,46.3,40.74,46.3,46.3,57.41,57.41,57.41,57.41,46.3,46.3,57.41
Luxembourg,LUX,14/03/2020,21/03/2020,35.145,49.523,83.07,107.033,116.618,135.788,142.178,153.361,161.348,164.543,174.128,175.726,175.726,175.726,175.726,175.726,175.726,175.726,175.726,175.726,175.726,177.323,177.323,178.921,180.518,186.908,190.103,194.896,198.091,79.63,79.63,79.63,79.63,70.37,70.37,70.37,70.37,70.37,56.48,56.48,43.52,43.52,43.52,43.52,37.96,37.96,37.96,24.07,24.07,24.07,24.07,19.44,19.44,22.22,22.22,31.48,34.26,34.26
Germany,DEU,10/03/2020,13/03/2020,1.122,3.879,10.408,19.18,31.903,46.166,58.233,68.629,78.476,84.969,89.91,94.457,97.56,99.649,101.583,103.194,104.495,105.032,106.011,106.799,107.24,107.61,108.135,108.35,108.493,108.828,109.102,109.424,109.77,76.85,76.85,76.85,76.85,76.85,76.85,76.85,76.85,76.85,64.35,64.35,61.57,59.72,59.72,59.72,59.72,59.72,59.72,63.43,63.43,63.43,63.43,55.09,55.09,55.09,55.09,57.87,57.87,56.94
Portugal,PRT,18/03/2020,21/03/2020,13.73,26.087,40.111,55.606,70.023,86.302,96.992,104.249,110.428,116.116,122.294,129.061,135.632,141.909,145.635,148.283,149.46,151.029,153.383,156.717,159.954,162.994,165.151,167.211,168.878,170.447,171.232,172.997,174.468,82.41,82.41,87.96,82.41,82.41,82.41,82.41,75,75,75,71.3,71.3,71.3,69.91,69.91,69.91,69.91,69.91,72.69,72.69,71.3,71.3,71.76,71.76,65.28,65.28,65.28,66.2,66.2
Kosovo,OWID_KOS,23/03/2020,08/04/2020,6.209,8.796,10.865,12.935,13.97,15.004,15.004,15.004,15.522,15.522,15.522,16.039,17.591,18.626,22.765,27.939,38.804,52.256,57.948,71.917,87.439,117.448,146.939,176.43,201.783,226.617,252.487,266.974,285.082,92.59,92.59,92.59,92.59,92.59,92.59,87.04,87.04,87.04,73.15,73.15,59.26,59.26,59.26,59.26,59.26,54.63,54.63,54.63,54.63,54.63,69.44,69.44,69.44,69.44,69.44,69.44,58.33,58.33
Guam,GUM,22/03/2020,12/04/2020,29.624,29.624,29.624,29.624,29.624,29.624,29.624,29.624,29.624,29.624,29.624,29.624,29.624,29.624,29.624,29.624,29.624,29.624,29.624,29.624,29.624,29.624,29.624,29.624,29.624,41.473,59.248,77.022,112.571,75.93,75.93,73.15,73.15,69.44,69.44,69.44,69.44,63.89,63.89,63.89,63.89,63.89,63.89,63.89,63.89,63.89,63.89,60.19,60.19,60.19,60.19,63.89,75.93,75.93,75.93,75.93,75.93,75.93
Slovakia,SVK,07/04/2020,16/04/2020,3.114,4.213,4.579,4.762,4.945,5.129,5.129,5.129,5.129,5.129,5.129,5.129,5.129,5.129,5.129,5.129,5.129,5.129,5.129,5.129,5.312,5.678,5.678,5.678,6.044,6.044,6.044,6.777,6.96,73.15,73.15,73.15,73.15,73.15,73.15,73.15,73.15,50,44.44,40.74,37.96,37.96,37.96,37.96,37.96,37.96,37.96,37.96,35.19,35.19,35.19,35.19,32.41,32.41,28.7,25.93,25.93,25.93
Kuwait,KWT,05/04/2020,18/04/2020,5.152,7.727,10.303,17.562,26.226,32.314,40.978,51.515,59.477,65.331,70.951,76.337,79.849,83.83,87.342,90.386,94.133,96.474,101.392,104.67,109.587,112.866,116.612,119.188,121.53,124.105,125.745,129.257,131.833,88.89,88.89,88.89,100,100,100,100,84.26,84.26,85.19,85.19,85.19,85.19,83.33,83.33,83.33,77.78,77.78,77.78,65.74,65.74,65.74,65.74,65.74,65.74,65.74,65.74,65.74,65.74
India,IND,13/03/2020,23/03/2020,0.036,0.083,0.198,0.317,0.464,0.632,0.883,1.292,1.662,2.081,2.596,3.143,3.909,4.813,5.871,7.174,9.604,11.088,12.609,14.27,16.031,18.054,20.351,23.234,25.904,28.837,32.164,35.533,39.033,100,100,100,100,96.3,96.3,96.3,81.94,81.94,81.94,79.17,79.17,75.46,75.46,76.85,76.85,76.39,76.39,74.07,74.07,77.78,77.78,77.78,77.78,77.78,79.63,79.63,79.63,79.63
Puerto Rico,PRI,28/03/2020,30/03/2020,8.389,15.73,20.973,24.119,30.061,33.906,37.402,40.198,43.344,44.393,45.791,48.238,49.636,51.034,51.384,52.083,53.131,53.481,54.879,58.374,61.87,64.666,70.259,78.648,90.183,100.32,117.098,130.731,141.217,93.52,93.52,93.52,93.52,93.52,89.81,89.81,89.81,89.81,89.81,89.81,89.81,89.81,89.81,65.74,65.74,65.74,65.74,65.74,65.74,67.59,67.59,67.59,67.59,67.59,67.59,67.59,70.37,70.37
Czech Republic,CZE,23/03/2020,26/03/2020,5.509,10.459,15.034,17.555,20.077,21.197,23.532,25.773,27.36,28.201,29.415,29.788,30.255,30.628,30.722,31.189,31.656,32.496,32.87,32.776,32.963,33.43,34.084,34.831,35.764,36.325,36.511,37.258,38.379,74.07,74.07,71.3,63.89,60.19,57.41,57.41,57.41,57.41,57.41,45.37,45.37,41.67,41.67,41.67,41.67,35.19,35.19,34.72,34.72,34.72,37.5,37.5,36.11,36.11,36.11,36.11,36.11,36.11
Saudi Arabia,SAU,25/03/2020,30/03/2020,1.178,1.867,2.643,3.476,4.366,5.285,6.578,7.842,9.192,10.886,12.667,15.77,20.452,25.651,31.338,37.543,43.402,50.325,57.937,63.854,69.139,74.712,79.279,82.352,87.752,92.865,97.892,102.833,107.859,91.67,91.67,91.67,91.67,94.44,91.67,89.81,89.81,89.81,91.67,91.67,75.46,69.91,69.91,69.91,71.3,71.3,71.3,71.3,71.3,71.3,71.3,65.74,65.74,71.3,60.19,60.19,60.19,60.19
Tanzania,TZA,29/03/2020,18/04/2020,0.167,0.268,0.352,0.352,0.352,0.352,0.352,0.352,0.352,0.352,0.352,0.352,0.352,0.352,0.352,0.352,0.352,0.352,0.352,0.352,0.352,0.352,0.352,0.352,0.352,0.352,0.352,0.352,0.352,50,50,50,50,38.89,38.89,41.67,32.41,32.41,32.41,32.41,32.41,32.41,25,25,25,25,27.78,27.78,27.78,27.78,27.78,27.78,22.22,22.22,25,25,25,25
Norway,NOR,13/03/2020,20/03/2020,4.058,8.116,14.757,21.028,27.3,33.203,35.97,38.368,39.29,42.241,42.979,43.348,43.532,43.717,43.901,44.639,44.824,45.746,45.93,46.299,46.299,46.484,47.037,47.037,47.037,47.037,47.222,47.222,48.144,79.63,79.63,79.63,79.63,79.63,64.81,64.81,64.81,64.81,54.63,54.63,54.63,54.63,39.81,39.81,39.81,34.26,34.26,34.26,34.26,34.26,34.26,34.26,34.26,34.26,34.26,34.26,34.26,34.26
Moldova,MDA,19/03/2020,02/04/2020,7.437,13.386,18.096,23.798,30.243,35.449,43.382,51.314,57.76,66.188,73.129,80.07,91.969,101.885,115.023,124.443,135.103,145.019,157.413,163.363,172.287,181.459,191.127,200.795,209.471,219.139,226.576,234.261,245.416,87.04,87.04,84.26,84.26,84.26,84.26,84.26,80.56,80.56,80.56,80.56,80.56,80.56,80.56,80.56,80.56,80.56,80.56,77.78,77.78,57.41,57.41,57.41,57.41,57.41,57.41,57.41,57.41,57.41
Bulgaria,BGR,12/03/2020,29/03/2020,3.31,4.174,5.901,7.052,8.347,10.362,12.089,13.672,15.831,18.134,19.141,20.724,23.027,24.178,26.049,28.64,30.942,33.389,35.979,37.706,42.168,45.046,48.932,55.12,59.726,66.058,71.239,76.564,82.321,71.3,71.3,73.15,73.15,73.15,73.15,60.19,60.19,62.96,56.48,56.48,44.44,44.44,38.89,38.89,36.11,36.11,36.11,36.11,47.22,27.78,27.78,27.78,36.11,30.56,30.56,30.56,30.56,30.56
Iceland,ISL,20/03/2020,07/04/2020,23.443,29.304,29.304,29.304,29.304,29.304,29.304,29.304,29.304,29.304,29.304,29.304,29.304,29.304,29.304,29.304,29.304,29.304,29.304,29.304,29.304,29.304,29.304,29.304,29.304,29.304,29.304,29.304,29.304,53.7,53.7,53.7,53.7,46.3,46.3,46.3,46.3,36.11,36.11,36.11,36.11,33.33,33.33,33.33,33.33,33.33,33.33,33.33,33.33,33.33,39.81,39.81,39.81,39.81,39.81,39.81,39.81,39.81
Algeria,DZA,13/03/2020,18/03/2020,0.593,1.323,3.945,6.271,7.936,8.939,9.692,10.33,10.855,11.562,12.36,13.113,14.07,14.891,15.735,16.693,17.719,19.087,20.022,20.798,21.71,22.713,23.717,24.788,26.134,27.365,28.46,29.691,30.809,75,86.57,86.57,86.57,92.13,92.13,76.85,76.85,76.85,87.96,76.85,76.85,76.85,76.85,76.85,76.85,65.74,65.74,65.74,65.74,65.74,74.07,74.07,74.07,74.07,79.63,79.63,85.19,68.52
Egypt,EGY,09/03/2020,19/03/2020,0.293,0.508,0.831,1.554,2.003,2.58,3.293,4.055,4.71,5.316,6.156,6.909,7.974,9.821,11.707,13.456,17.257,21.43,25.602,29.648,33.439,36.83,40.26,42.987,45.009,46.954,48.175,49.201,50.237,84.26,84.26,84.26,84.26,84.26,84.26,84.26,84.26,84.26,84.26,84.26,84.26,84.26,84.26,71.3,71.3,71.3,71.3,71.3,60.19,60.19,60.19,60.19,60.19,60.19,60.19,62.96,62.96,62.96
Philippines,PHL,02/02/2020,14/03/2020,0.301,0.621,0.976,1.615,2.71,3.532,4.07,4.663,5.503,6.251,6.853,7.52,7.821,8.25,8.761,9.071,9.454,10.066,10.668,11.17,11.59,11.891,12.52,14.993,16.764,17.631,18.461,19.374,20.925,100,100,100,100,100,100,100,100,96.3,96.3,96.3,96.3,96.3,96.3,77.78,77.78,77.78,83.33,83.33,83.33,83.33,80.56,80.56,80.56,80.56,76.85,76.85,79.63,79.63
New Zealand,NZL,29/03/2020,13/04/2020,3.318,3.94,4.147,4.355,4.355,4.355,4.355,4.562,4.562,4.562,4.562,4.562,4.562,4.562,4.562,4.562,4.562,4.562,4.562,4.562,4.562,4.562,4.562,4.562,4.562,4.562,4.562,4.562,4.977,96.3,87.04,83.33,83.33,83.33,36.11,36.11,36.11,33.33,33.33,22.22,22.22,22.22,22.22,22.22,22.22,22.22,22.22,22.22,22.22,22.22,22.22,22.22,68.98,68.98,72.69,40.28,34.72,34.72
Austria,AUT,13/03/2020,20/03/2020,9.549,18.653,30.312,40.86,49.187,56.404,63.177,66.397,68.174,69.284,69.839,70.95,74.169,74.281,74.614,74.947,76.279,76.612,77.723,78.278,78.389,78.611,78.833,78.944,79.166,79.721,79.832,80.276,80.831,85.19,85.19,85.19,81.48,81.48,78.7,78.7,64.81,64.81,59.26,55.56,55.56,50,46.3,43.52,43.52,43.52,43.52,43.52,43.52,43.52,31.48,31.48,31.48,31.48,31.48,31.48,31.48,31.48
France,FRA,15/02/2020,06/03/2020,1.946,6.894,20.391,46.328,115.82,187.059,240.971,302.083,340.797,369.016,386.083,403.073,420.155,429.301,434.587,439.903,444.606,447.486,450.382,453.522,455.315,456.203,457.965,459.068,460.049,461.933,462.393,463.021,463.664,59.72,87.96,87.96,87.96,87.96,87.96,87.96,87.96,87.96,87.96,87.96,87.96,74.07,74.07,74.07,72.22,69.44,66.67,65.28,65.28,41.2,41.2,41.2,41.2,41.2,41.2,41.2,41.2,41.2
Chile,CHL,23/03/2020,28/03/2020,1.936,3.819,5.493,7.69,9.887,12.241,14.7,16.897,22.023,30.812,42.163,55.136,75.747,129.471,175.872,224.678,256.484,297.549,329.982,354.725,375.911,451.606,471.851,490.526,509.777,527.144,540.902,553.352,571.034,73.15,73.15,73.15,73.15,73.15,73.15,73.15,75.93,78.24,78.24,78.24,78.24,78.24,78.24,78.24,78.24,78.24,78.24,89.35,89.35,89.35,86.57,86.57,86.57,89.35,83.8,83.8,83.8,83.8
Poland,POL,13/03/2020,18/03/2020,0.423,1.136,2.827,5.496,8.297,10.595,14.136,17.201,19.368,21.429,24.177,25.683,27.057,28.113,30.042,31.865,33.187,35.565,37.308,38.656,40.083,41.272,42.117,42.989,43.967,45.156,45.922,47.745,49.093,57.41,81.48,81.48,83.33,83.33,83.33,83.33,83.33,83.33,83.33,83.33,83.33,79.63,64.81,53.7,53.7,50.93,50.93,50.93,50.93,50.93,39.81,39.81,39.81,39.81,39.81,39.81,39.81,39.81
Mexico,MEX,21/03/2020,25/03/2020,0.465,1.35,2.575,5.041,8.291,12.169,16.706,24.509,32.73,41.355,55.68,70.145,82.5,106.249,127.57,147.984,175.161,204.611,226.389,248.3,271.506,297.132,319.469,341.434,368.192,391.809,418.272,440.206,462.334,82.41,82.41,82.41,82.41,82.41,82.41,82.41,82.41,82.41,82.41,82.41,82.41,72.69,72.69,70.83,70.83,70.83,70.83,70.83,70.83,70.83,70.83,70.83,70.83,70.83,70.83,70.83,70.83,74.54
Denmark,DNK,16/03/2020,20/03/2020,12.431,23.998,37.637,49.204,59.735,68.022,74.928,83.043,88.395,92.193,94.61,96.854,98.063,100.135,101.688,102.552,103.242,103.933,104.278,104.623,105.141,105.141,105.487,105.487,105.832,106.177,106.523,107.213,107.213,72.22,72.22,72.22,72.22,68.52,68.52,68.52,68.52,65.74,65.74,65.74,65.74,62.96,62.96,62.96,62.96,62.96,62.96,62.96,62.96,60.19,60.19,60.19,60.19,60.19,56.48,56.48,56.48,56.48
El Salvador,SLV,01/04/2020,09/04/2020,1.079,1.233,1.388,1.85,2.467,3.083,4.625,5.396,6.013,7.554,8.48,11.1,12.642,16.497,23.434,29.447,35.306,41.164,49.952,55.965,62.903,71.999,80.17,88.958,95.279,100.829,105.917,111.622,117.018,88.89,94.44,94.44,94.44,100,100,100,100,100,96.3,96.3,96.3,90.74,90.74,90.74,89.81,89.81,89.81,89.81,89.81,89.81,89.81,89.81,89.81,89.81,89.81,80.56,80.56,80.56
Iran,IRN,20/02/2020,23/02/2020,0.917,2.31,6.12,13.513,21.573,29.967,37.622,46.099,53.266,59.029,64.184,69.125,73.292,77.221,80.161,83.197,86.912,90.055,93.794,97.734,102.199,107.926,114.569,120.605,130.463,139.666,150.429,162.014,174.229,20.37,42.59,48.15,51.85,57.41,57.41,57.41,59.26,50.93,50.93,53.7,53.7,53.7,53.7,50.93,52.78,52.78,48.15,48.15,48.15,48.15,48.15,45.37,45.37,45.37,45.37,57.87,64.35,64.35
Israel,ISR,21/03/2020,26/03/2020,5.315,9.936,14.211,19.872,22.413,24.84,27.15,28.537,30.616,32.003,32.349,32.811,33.62,34.429,34.66,35.006,35.584,36.739,37.664,39.743,42.17,46.329,51.066,56.149,61.926,67.125,73.826,79.949,94.621,87.96,94.44,94.44,87.96,87.96,84.26,77.78,77.78,77.78,75,75,75,75,75,75,75,75,75,69.44,72.22,68.52,54.63,54.63,52.78,52.78,39.81,39.81,34.26,34.26
Tajikistan,TJK,04/05/2020,06/05/2020,3.46,4.613,4.823,4.928,5.033,5.033,5.242,5.347,5.452,5.452,5.452,5.662,5.871,5.976,6.081,6.291,6.396,6.501,6.605,6.815,6.92,7.13,7.234,7.339,7.549,7.654,NULL,NULL,NULL,51.85,51.85,51.85,51.85,65.74,65.74,64.81,73.15,73.15,73.15,70.37,70.37,70.37,62.04,56.48,56.48,56.48,54.63,54.63,47.22,47.22,38.89,38.89,33.33,33.33,NULL,NULL,NULL,NULL
Venezuela,VEN,27/03/2020,05/04/2020,0.317,0.317,0.352,0.352,0.352,0.352,0.352,0.352,0.352,0.492,0.703,0.774,0.844,0.985,1.231,1.547,2.075,2.638,3.271,3.868,4.537,5.31,6.119,7.315,8.686,10.128,11.359,12.59,13.75,82.41,82.41,82.41,82.41,82.41,82.41,85.19,85.19,85.19,85.19,81.48,81.48,81.48,72.22,87.04,87.04,87.04,87.04,87.04,87.04,86.11,86.11,86.11,86.11,86.11,86.11,82.41,82.41,82.41
Iraq,IRQ,06/03/2020,09/03/2020,0.298,0.572,1.044,1.343,1.591,1.889,2.014,2.064,2.188,2.362,2.536,2.785,3.058,3.655,4.351,5.345,7.906,11.362,17.702,27.348,38.759,50.966,63.82,75.953,87.563,98.204,108.447,117.869,126.646,89.81,94.44,96.3,96.3,96.3,96.3,96.3,85.19,85.19,85.19,85.19,82.41,82.41,82.41,92.59,92.59,92.59,92.59,92.59,92.59,92.59,92.59,92.59,92.59,92.59,92.59,92.59,92.59,92.59
Nigeria,NGA,24/03/2020,06/04/2020,0.058,0.107,0.17,0.281,0.475,0.694,0.83,0.97,1.13,1.324,1.567,1.771,2.037,2.362,2.629,2.78,3.076,3.342,3.658,3.828,4.099,4.235,4.347,4.57,4.686,4.759,4.861,4.904,4.982,82.87,82.87,85.65,85.65,80.56,80.56,80.56,80.56,80.56,80.56,80.56,80.56,80.56,76.39,76.39,76.39,68.06,68.06,68.06,68.06,68.06,68.06,69.44,69.44,59.26,59.26,59.26,59.26,59.26
Costa Rica,CRI,19/03/2020,21/04/2020,1.178,1.178,1.178,1.57,1.963,1.963,1.963,1.963,2.159,2.356,2.356,2.356,2.945,3.533,4.908,7.067,12.171,17.079,26.109,33.568,44.758,53.395,61.64,69.688,79.896,88.926,100.116,115.82,130.739,72.22,72.22,72.22,72.22,72.22,72.22,72.22,72.22,72.22,72.22,72.22,72.22,73.61,73.61,73.61,73.61,73.61,73.61,73.61,62.96,68.52,72.22,72.22,72.22,61.11,61.11,61.11,61.11,NULL
Kazakhstan,KAZ,30/03/2020,06/04/2020,0.852,1.012,1.331,1.331,1.544,1.651,1.811,1.864,1.864,2.024,2.769,3.249,4.101,6.018,7.243,10.012,10.012,14.06,19.972,19.972,31.156,42.233,59.063,59.063,76.318,87.662,89.1,94.852,100.603,89.35,89.35,89.35,89.35,89.35,81.94,81.94,83.8,83.8,83.8,77.31,77.31,80.09,80.09,80.09,80.09,79.63,74.07,74.07,74.07,74.07,74.07,76.85,76.85,76.85,75.93,75.93,75.93,75.93
Chad,TCD,29/04/2020,01/05/2020,1.887,2.922,3.47,3.714,3.957,4.018,4.322,4.444,4.505,4.505,4.505,4.505,4.505,4.566,4.566,4.566,4.566,4.566,4.627,4.627,4.627,4.627,4.688,4.688,4.809,4.87,4.931,NULL,NULL,88.89,87.04,74.07,74.07,74.07,74.07,74.07,74.07,74.07,67.59,67.59,67.59,67.59,67.59,67.59,67.59,70.37,64.81,64.81,64.81,64.81,64.81,64.81,64.81,64.81,64.81,NULL,NULL,NULL
Somalia,SOM,10/04/2020,16/04/2020,1.133,1.762,2.391,3.209,3.335,3.838,4.153,4.593,4.971,5.348,5.537,5.537,5.663,5.663,5.789,5.789,5.852,5.852,5.852,5.852,5.852,5.852,5.852,5.852,5.852,5.977,6.103,6.103,6.166,60.19,60.19,60.19,60.19,60.19,60.19,60.19,48.15,48.15,48.15,48.15,48.15,45.83,45.83,31.48,31.48,31.48,31.48,31.48,31.48,23.15,23.15,23.15,13.89,13.89,13.89,30.56,30.56,NULL
Uzbekistan,UZB,29/03/2020,19/04/2020,0.239,0.299,0.299,0.329,0.388,0.388,0.418,0.448,0.508,0.568,0.568,0.568,0.598,0.807,1.225,1.823,2.39,2.958,3.645,4.452,5.348,6.215,6.812,7.828,8.814,9.621,10.308,11.204,12.101,96.3,96.3,88.89,88.89,86.11,86.11,86.11,81.94,76.39,76.39,67.13,64.35,64.35,64.35,64.35,67.59,67.59,67.59,69.44,69.44,69.44,69.44,74.07,68.52,68.52,68.52,68.52,NULL,NULL
Oman,OMN,01/04/2020,18/04/2020,1.958,2.35,2.742,3.329,4.308,6.266,7.441,9.791,14.099,17.428,22.324,25.653,29.961,36.227,42.69,48.564,56.789,65.993,75.196,82.442,95.562,102.024,110.053,119.257,125.719,132.573,138.056,147.064,154.701,92.59,87.96,87.96,87.96,87.96,86.11,86.11,86.11,86.11,86.11,87.96,87.96,87.96,87.96,87.96,87.96,87.96,87.96,94.44,94.44,94.44,89.81,89.81,86.11,86.11,86.11,86.11,86.11,86.11
Latvia,LVA,04/04/2020,13/04/2020,5.832,6.892,8.483,9.543,9.543,10.073,11.664,12.194,12.724,13.254,13.784,14.845,15.905,15.905,15.905,15.905,15.905,16.435,16.435,16.435,16.965,16.965,16.965,16.965,17.495,17.495,18.026,18.556,18.556,65.74,65.74,65.74,65.74,60.19,57.41,57.41,57.41,57.41,57.41,46.3,46.3,46.3,46.3,46.3,46.3,46.3,46.3,46.3,46.3,43.52,43.52,43.52,43.52,43.52,43.52,43.52,43.52,43.52
Lithuania,LTU,21/03/2020,28/03/2020,5.143,8.449,11.755,13.959,15.061,16.53,17.632,18.367,20.204,22.408,23.877,25.714,26.081,27.183,27.918,27.918,28.652,28.652,29.02,29.02,29.02,29.387,29.387,29.387,29.387,29.754,29.754,29.754,31.224,81.48,87.04,81.48,81.48,77.78,77.78,77.78,75,75,71.3,71.3,52.78,52.78,52.78,52.78,30.56,30.56,27.78,27.78,27.78,27.78,27.78,27.78,30.56,30.56,19.44,19.44,19.44,19.44
Niger,NER,25/03/2020,02/04/2020,0.454,0.62,0.826,1.198,1.363,1.57,1.9,2.107,2.479,2.603,2.644,2.685,2.685,2.727,2.768,2.768,2.768,2.809,2.809,2.85,2.85,2.85,2.85,2.85,2.85,2.85,2.85,2.85,2.85,61.11,61.11,61.11,61.11,61.11,61.11,61.11,33.33,33.33,33.33,22.22,22.22,22.22,22.22,22.22,22.22,22.22,22.22,22.22,22.22,22.22,22.22,22.22,22.22,13.89,13.89,13.89,13.89,13.89
Thailand,THA,01/03/2020,27/03/2020,0.372,0.501,0.659,0.673,0.731,0.774,0.774,0.802,0.802,0.802,0.817,0.817,0.831,0.831,0.831,0.831,0.831,0.831,0.831,0.831,0.831,0.831,0.831,0.831,0.831,0.831,0.831,0.831,0.831,76.85,76.85,76.85,76.85,76.85,76.85,75,75,75,75,75,75,75,62.96,59.26,59.26,59.26,59.26,49.07,49.07,49.07,49.07,49.07,49.07,49.07,49.07,46.3,46.3,46.3
Albania,ALB,12/03/2020,25/03/2020,5.907,7.645,7.992,9.035,9.382,10.425,10.772,10.772,10.772,10.772,10.772,11.467,11.467,11.815,12.51,13.205,15.289,18.417,23.977,28.147,32.316,37.181,41.699,50.038,55.946,65.328,71.235,79.227,83.397,84.26,84.26,84.26,89.81,89.81,89.81,89.81,89.81,89.81,83.33,83.33,86.11,67.59,67.59,67.59,67.59,64.81,64.81,64.81,59.26,59.26,59.26,59.26,59.26,59.26,53.7,53.7,53.7,53.7
Pakistan,PAK,20/03/2020,23/03/2020,0.14,0.244,0.389,0.611,0.946,1.272,1.888,2.553,3.196,3.952,4.83,5.546,6.985,8.76,10.666,12.852,15.849,17.936,19.897,21.558,23.192,24.564,25.528,26.357,26.941,27.226,27.602,27.896,28.109,96.3,96.3,96.3,92.59,92.59,89.81,89.81,89.81,89.81,85.19,82.41,82.41,82.41,69.44,61.11,61.11,58.33,60.19,60.19,66.67,66.67,66.67,66.67,66.67,66.67,66.67,47.69,47.69,47.69
Cameroon,CMR,25/03/2020,01/04/2020,0.377,0.64,1.582,1.997,2.298,2.411,4.294,5.274,5.5,6.442,7.195,7.647,7.835,10.397,11.301,11.791,11.791,11.791,13.524,13.524,14.051,14.503,14.579,14.579,14.729,15.106,15.294,15.37,15.483,68.52,68.52,71.3,71.3,63.89,63.89,63.89,63.89,63.89,63.89,63.89,60.19,60.19,60.19,60.19,60.19,60.19,60.19,60.19,60.19,60.19,60.19,60.19,60.19,60.19,60.19,60.19,60.19,57.41
Honduras,HND,27/03/2020,31/03/2020,2.322,3.13,4.644,4.745,7.168,8.279,10.904,13.428,14.842,18.173,20.092,23.625,26.452,31.299,34.63,40.89,48.361,61.083,70.068,79.66,89.958,102.074,122.569,139.026,147.911,154.776,159.825,165.882,182.036,100,100,100,100,100,100,100,100,100,100,100,100,96.3,96.3,96.3,96.3,96.3,96.3,96.3,96.3,96.3,96.3,96.3,96.3,96.3,96.3,87.96,82.41,82.41
China,CHN,11/01/2020,21/01/2020,0.148,0.342,0.632,1.059,1.473,1.852,1.995,2.115,2.196,2.234,2.264,2.286,2.299,2.316,2.321,2.325,3.221,3.221,3.222,3.222,3.222,3.222,3.222,3.222,3.222,3.222,3.222,3.222,3.222,69.91,77.31,75.46,75.46,75.46,81.02,81.02,81.02,81.02,79.17,79.17,81.94,73.61,69.91,56.94,56.94,56.94,56.94,56.94,56.94,81.94,81.94,81.94,81.94,81.94,78.24,78.24,78.24,81.94
Netherlands,NLD,07/03/2020,12/03/2020,7.937,25.328,60.637,103.065,146.543,182.902,218.91,257.312,279.839,301.607,317.481,329.328,335.456,340.242,347.303,349.579,351.972,353.606,354.89,355.824,356.408,357.517,358.042,358.042,358.1,358.275,358.334,358.334,358.8,70.37,74.07,79.63,79.63,79.63,79.63,79.63,79.63,79.63,79.63,68.52,68.52,68.52,68.52,68.52,62.96,62.96,59.26,59.26,59.26,59.26,39.81,39.81,39.81,39.81,39.81,39.81,39.81,39.81
Bosnia and Herzegovina,BIH,22/03/2020,29/03/2020,9.754,11.582,13.411,15.85,18.288,21.641,27.432,35.357,40.234,42.977,45.72,46.635,48.159,48.768,50.902,51.512,53.95,56.998,59.741,66.447,72.848,79.553,86.259,99.975,113.996,129.541,142.952,156.973,168.86,89.81,92.59,92.59,92.59,90.74,90.74,90.74,81.48,76.85,71.3,71.3,54.63,54.63,54.63,51.85,51.85,51.85,51.85,56.48,56.48,56.48,56.48,59.26,59.26,59.26,59.26,59.26,53.7,53.7
Ecuador,ECU,14/03/2020,21/03/2020,3.514,9.749,15.417,20.121,26.866,32.647,50.048,88.93,97.319,132.517,160.913,176.16,188.969,197.585,206.427,219.576,231.649,242.248,251.034,266.394,277.73,286.968,299.381,308.28,316.498,325.907,334.239,339.17,344.781,93.52,93.52,93.52,93.52,93.52,93.52,93.52,86.11,86.11,86.11,86.11,86.11,86.11,77.78,77.78,77.78,74.07,74.07,74.07,74.07,74.07,74.07,74.07,72.69,72.69,70.83,70.83,70.83,70.83
Myanmar,MMR,01/04/2020,18/04/2020,0.092,0.11,0.11,0.11,0.11,0.11,0.11,0.11,0.11,0.11,0.11,0.11,0.11,0.11,0.11,0.11,0.11,0.11,0.11,0.11,0.11,0.11,0.11,0.11,0.11,0.11,0.129,0.257,0.588,86.11,84.26,84.26,84.26,80.56,80.56,80.56,80.56,80.56,80.56,80.56,80.56,80.56,80.56,80.56,80.56,80.56,76.85,76.85,74.07,74.07,74.07,74.07,77.78,81.48,81.48,81.48,NULL,NULL
San Marino,SMR,02/03/2020,13/03/2020,589.31,618.775,766.103,942.896,1031.292,1119.689,1178.62,1208.085,1208.085,1208.085,1208.085,1208.085,1208.085,1237.551,1237.551,1237.551,1237.551,1237.551,1237.551,1237.551,1237.551,1237.551,1237.551,1237.551,1237.551,1237.551,1237.551,1237.551,1237.551,83.33,83.33,83.33,83.33,87.04,92.59,92.59,92.59,92.59,66.67,66.67,66.67,66.67,66.67,57.41,57.41,57.41,33.33,33.33,33.33,33.33,33.33,33.33,33.33,33.33,33.33,33.33,33.33,33.33
Canada,CAN,10/03/2020,18/03/2020,1.404,2.888,8.558,17.302,31.609,48.593,67.829,89.846,112.129,132.292,150.468,163.001,175.904,193.285,204.095,210.905,216.601,222.828,225.318,227.623,230.088,232.075,233.426,234.698,235.413,236.579,237.347,237.957,238.99,72.69,74.54,72.69,72.69,72.69,72.69,72.69,72.69,72.69,70.83,70.83,70.83,70.83,70.83,70.83,70.83,70.83,70.83,68.98,68.98,68.98,67.13,67.13,67.13,67.13,67.13,67.13,67.13,64.35
Colombia,COL,22/03/2020,27/03/2020,0.688,1.572,2.575,3.714,4.579,5.758,7.429,9.099,10.731,12.381,14.74,17.491,21.363,26.964,32.762,40.19,48.956,63.342,77.472,92.644,110.548,132.382,156.732,185.799,216.517,246.448,277.991,306.96,340.311,87.96,87.96,84.26,84.26,87.04,90.74,87.04,87.04,87.04,87.04,87.04,87.04,87.04,87.04,87.04,87.04,87.04,87.04,87.04,87.04,87.04,87.04,87.04,87.04,87.04,87.04,87.04,87.04,87.04
Sudan,SDN,15/03/2020,15/04/2020,0.365,0.639,0.935,1.46,2.075,2.395,3.33,5.314,7.001,8.484,9.875,11.106,12.497,13.045,13.774,14.504,14.983,15.348,16.146,16.534,17.15,17.537,18.062,18.313,18.518,18.769,18.769,18.974,18.997,87.04,87.04,87.04,87.04,87.04,87.04,87.04,91.67,91.67,91.67,84.26,84.26,84.26,84.26,84.26,74.07,71.3,71.3,71.3,71.3,71.3,69.91,69.91,69.91,75.46,75.46,62.96,62.96,NULL
Croatia,HRV,25/03/2020,29/03/2020,4.385,5.603,8.769,11.692,14.372,18.756,20.949,22.167,23.141,24.115,24.603,25.09,25.333,25.82,26.064,26.064,26.064,26.308,27.526,28.744,28.987,29.718,33.128,35.32,37.513,38.487,40.192,40.923,42.628,96.3,96.3,96.3,96.3,89.81,89.81,89.81,70.37,70.37,70.37,50.93,50.93,36.11,32.41,32.41,32.41,32.41,32.41,32.41,29.63,26.85,24.07,24.07,24.07,31.48,31.48,31.48,31.48,31.48
Sweden,SWE,12/03/2020,12/03/2020,4.258,13.763,33.369,68.817,114.86,163.477,208.134,246.453,285.268,323.093,358.343,385.968,411.416,436.368,454.785,473.896,491.026,507.462,522.315,533.999,542.812,550.337,556.575,562.021,565.882,568.655,570.338,571.625,572.913,28.7,32.41,40.74,46.3,46.3,46.3,46.3,46.3,46.3,46.3,46.3,46.3,46.3,46.3,46.3,46.3,46.3,38.89,38.89,38.89,38.89,38.89,38.89,38.89,38.89,38.89,38.89,37.04,37.04
Japan,JPN,13/02/2020,01/03/2020,0.095,0.19,0.277,0.356,0.443,0.553,0.696,0.941,1.352,2.641,3.281,4.119,4.847,5.614,6.096,6.562,7.005,7.14,7.242,7.314,7.393,7.614,7.685,7.725,7.756,7.764,7.788,7.843,7.907,40.74,40.74,40.74,40.74,40.74,43.52,45.37,45.37,47.22,47.22,47.22,47.22,47.22,40.74,40.74,31.48,34.26,26.85,26.85,26.85,26.85,24.07,24.07,24.07,24.07,24.07,24.07,28.7,32.41
Kyrgyzstan,KGZ,02/04/2020,10/04/2020,1.073,1.226,1.226,1.686,1.839,2.146,2.146,2.452,2.452,3.066,3.679,4.138,4.905,6.438,7.664,11.956,17.78,22.838,153.736,185.617,206.462,217.652,223.783,227.461,229.607,229.914,162.012,162.319,162.472,92.13,92.13,88.43,85.65,85.65,81.94,84.72,79.17,79.17,76.39,76.39,76.39,76.39,73.61,76.39,76.39,76.39,76.39,76.39,76.39,76.39,79.17,79.17,79.17,79.17,79.17,73.61,69.91,69.91
Belarus,BLR,03/04/2020,05/04/2020,3.492,4.974,6.667,8.89,10.9,13.334,15.98,18.52,21.06,23.705,26.245,29.208,32.066,35.029,37.78,40.532,43.601,46.882,49.527,52.385,54.925,57.464,60.004,61.698,62.967,64.872,67.412,70.058,72.598,19.44,13.89,13.89,13.89,13.89,13.89,13.89,13.89,13.89,13.89,13.89,13.89,13.89,13.89,13.89,13.89,11.11,11.11,11.11,11.11,11.11,11.11,11.11,11.11,11.11,8.33,8.33,8.33,8.33
Argentina,ARG,08/03/2020,25/03/2020,0.819,1.438,2.168,2.921,3.651,4.58,5.443,6.483,7.279,8.452,9.846,11.24,12.59,14.692,17.369,20.201,23.077,26.706,30.644,35.446,40.225,47.195,55.448,65.404,78.724,91.491,105.873,125.167,145.301,100,100,100,100,100,88.89,88.89,88.89,90.74,90.74,90.74,90.74,90.74,88.89,88.89,88.89,88.89,88.89,92.59,92.59,92.59,92.59,90.74,90.74,90.74,87.96,87.96,91.67,91.67
Guinea,GIN,16/04/2020,20/04/2020,0.533,0.685,0.838,1.066,1.371,1.523,1.675,1.751,1.751,1.904,1.98,2.208,2.361,2.513,2.589,2.817,2.97,3.198,3.503,3.503,3.807,3.807,3.883,4.036,4.416,4.493,4.645,4.797,4.797,78.7,78.7,78.7,78.7,78.7,78.7,78.7,78.7,78.7,78.7,54.63,54.63,54.63,54.63,54.63,54.63,57.41,69.44,69.44,68.06,68.06,68.06,68.06,68.06,68.06,58.8,58.8,58.8,58.8
Nicaragua,NIC,28/03/2020,04/05/2020,1.208,1.208,2.566,5.283,6.944,6.944,8.302,9.661,9.661,11.171,12.529,13.737,13.737,14.944,16.303,16.303,17.511,18.567,19.322,19.322,20.077,20.681,20.681,21.284,21.737,22.19,22.19,NULL,NULL,11.11,11.11,11.11,11.11,11.11,11.11,11.11,11.11,11.11,11.11,11.11,11.11,11.11,16.67,16.67,16.67,16.67,16.67,16.67,16.67,16.67,16.67,16.67,16.67,11.11,11.11,11.11,NULL,NULL
Libya,LBY,03/04/2020,29/05/2020,0.728,0.873,1.455,1.455,2.62,3.784,5.094,5.676,6.84,7.713,9.314,10.769,14.408,18.192,21.102,25.177,30.562,34.491,39.585,49.336,55.739,63.744,NULL,NULL,NULL,NULL,NULL,NULL,NULL,96.3,96.3,96.3,96.3,94.44,94.44,90.74,90.74,90.74,90.74,87.96,87.96,87.96,87.96,87.96,87.96,89.81,86.11,86.11,86.11,86.11,86.11,NULL,NULL,NULL,NULL,NULL,NULL,NULL
United Arab Emirates,ARE,22/03/2020,31/03/2020,1.416,2.831,4.145,6.471,9.909,13.852,18.705,21.03,22.952,24.771,26.288,27.299,28.411,29.119,30.13,30.838,31.647,32.152,33.062,33.77,34.175,34.579,35.085,35.489,35.994,36.096,36.803,37.612,38.219,89.81,89.81,87.04,87.04,81.48,77.78,75.93,74.07,72.22,72.22,72.22,72.22,72.22,72.22,72.22,72.22,72.22,52.78,43.52,43.52,43.52,43.52,43.52,37.96,37.96,37.96,37.96,37.96,37.96
Finland,FIN,22/03/2020,28/03/2020,4.873,8.844,13.536,25.448,34.292,39.345,45.481,48.911,53.603,55.227,56.31,57.754,58.115,58.476,58.837,58.837,59.018,59.198,59.198,59.198,59.198,59.198,59.379,59.379,59.74,59.74,60.101,60.281,60.461,60.19,60.19,57.41,57.41,57.41,57.41,57.41,57.41,50.93,50.93,50.93,41.67,41.67,41.67,32.41,32.41,32.41,32.41,32.41,43.52,43.52,37.96,37.96,37.96,37.96,37.96,37.96,37.96,37.96
Ireland,IRL,12/03/2020,24/03/2020,19.847,42.529,67.642,107.335,155.737,223.176,256.187,284.135,301.349,312.488,322.411,330.309,334.157,338.208,344.891,346.106,347.321,350.359,351.979,352.586,353.599,354.207,355.017,357.042,357.042,357.042,358.865,359.27,359.675,85.19,90.74,90.74,90.74,90.74,90.74,90.74,90.74,90.74,83.33,83.33,83.33,83.33,72.22,72.22,72.22,72.22,38.89,38.89,38.89,38.89,38.89,38.89,38.89,38.89,38.89,59.72,59.72,70.83
Liberia,LBR,05/04/2020,12/04/2020,1.582,2.373,3.559,3.954,3.954,3.954,4.548,5.141,5.338,5.932,6.129,6.525,6.525,6.722,7.118,7.316,9.293,13.049,13.84,14.038,14.434,15.422,15.62,16.213,16.213,16.213,16.213,16.213,16.213,87.96,87.96,87.96,87.96,87.96,87.96,87.96,84.26,84.26,79.63,79.63,79.63,79.63,79.63,75.93,75.93,73.15,73.15,67.59,67.59,67.59,67.59,67.59,67.59,67.59,67.59,67.59,62.96,62.96
Congo,COG,01/04/2020,05/04/2020,0.906,1.087,1.087,1.631,1.812,1.812,2.718,2.718,2.9,3.443,3.624,3.987,4.531,4.893,6.705,7.249,7.974,8.517,8.517,8.88,9.242,9.786,10.148,10.511,10.873,13.773,13.954,14.135,14.86,97.22,97.22,97.22,97.22,97.22,97.22,97.22,82.41,82.41,82.41,73.15,73.15,73.15,73.15,73.15,73.15,73.15,73.15,73.15,73.15,62.04,62.04,62.04,67.59,67.59,67.59,67.59,50.93,50.93
Jamaica,JAM,25/03/2020,15/04/2020,2.364,2.364,3.039,3.039,3.039,3.039,3.039,3.039,3.039,3.377,3.377,3.377,3.377,3.377,3.377,3.377,3.377,3.377,3.377,3.377,4.052,4.39,4.728,4.728,5.403,6.416,8.105,11.144,13.508,87.04,87.04,87.04,87.04,87.04,87.04,87.04,87.04,76.85,73.15,73.15,64.81,64.81,64.81,64.81,64.81,64.81,64.81,64.81,64.81,68.52,71.3,73.15,73.15,73.15,78.7,78.7,78.7,78.7
Indonesia,IDN,12/03/2020,16/03/2020,0.212,0.446,0.698,1.024,1.678,2.128,2.519,2.866,3.159,3.506,3.813,4.464,5.016,5.557,6.208,6.884,7.645,8.551,9.268,10.069,11.1,12.28,13.366,14.682,16.73,17.918,19.143,20.448,21.581,48.15,50.93,50.93,71.76,71.76,71.76,80.09,80.09,74.54,74.54,74.54,71.76,71.76,71.76,71.76,68.06,68.06,68.06,59.72,59.72,54.17,54.17,62.5,62.5,62.5,62.5,62.5,62.5,59.72
Guyana,GUY,13/03/2020,07/04/2020,7.628,8.9,10.171,11.442,12.714,12.714,12.714,12.714,13.985,15.256,15.256,15.256,15.256,15.256,15.256,15.256,19.07,20.342,22.884,24.156,25.427,25.427,27.97,27.97,27.97,34.327,39.412,44.498,55.94,87.04,87.04,87.04,87.04,87.04,87.04,87.04,87.04,87.04,87.04,87.04,83.33,83.33,79.63,79.63,79.63,77.31,77.31,77.31,77.31,77.31,77.31,75.93,75.93,73.15,73.15,73.15,73.15,73.15
Bolivia,BOL,30/03/2020,31/03/2020,1.628,2.399,2.827,3.769,5.054,7.025,9.766,13.021,16.191,21.417,25.7,34.267,40.692,50.116,59.71,72.475,86.867,113.081,135.098,159.856,180.416,206.202,233.016,270.11,301.893,327.85,353.207,380.535,410.433,96.3,96.3,96.3,96.3,96.3,96.3,96.3,96.3,96.3,93.52,93.52,88.89,88.89,88.89,88.89,88.89,89.81,89.81,89.81,89.81,89.81,89.81,89.81,89.81,89.81,89.81,89.81,89.81,89.81
United Kingdom,GBR,07/03/2020,11/03/2020,2.858,10.356,30.198,77.689,142.754,207.893,272.206,336.034,383.717,419.674,459.226,485.991,507.704,529.667,548.434,560.263,569.572,579.486,584.686,589.017,593.937,597.782,600.33,601.818,603.718,604.779,605.942,607.003,607.931,47.22,79.63,79.63,79.63,79.63,79.63,79.63,79.63,79.63,79.63,79.63,71.3,71.3,71.3,69.44,67.59,73.15,73.15,71.3,71.3,71.3,69.91,64.35,64.35,64.35,64.35,64.35,68.06,68.06
Switzerland,CHE,06/03/2020,14/03/2020,7.626,27.153,49.916,74.065,99.138,122.247,140.503,156.217,169.389,175.282,180.251,185.103,189.148,190.303,191.343,191.805,193.423,193.769,194,194.232,194.578,194.694,194.694,194.925,195.271,196.427,196.774,197.005,197.698,73.15,73.15,73.15,73.15,73.15,73.15,73.15,69.44,69.44,69.44,65.74,65.74,65.74,65.74,62.96,50,48.15,48.15,37.04,37.04,37.04,41.2,41.2,41.2,41.2,41.2,44.91,44.91,44.91
Gabon,GAB,21/03/2020,03/05/2020,4.044,4.942,5.391,6.29,7.638,9.435,10.334,13.029,15.276,17.972,18.87,20.667,20.667,20.667,20.667,22.015,22.015,22.914,22.914,22.914,23.812,23.812,23.812,23.812,23.812,23.812,23.812,NULL,NULL,75,80.56,80.56,80.56,80.56,80.56,80.56,69.44,69.44,69.44,66.67,66.67,66.67,66.67,66.67,66.67,66.67,66.67,66.67,66.67,66.67,66.67,66.67,66.67,66.67,NULL,NULL,NULL,NULL
Bangladesh,BGD,22/03/2020,26/03/2020,0.049,0.128,0.279,0.553,0.795,0.99,1.105,1.299,1.718,2.247,2.915,3.534,4.53,5.647,6.916,8.155,9.381,10.553,11.95,13.34,14.518,15.672,17.008,18.216,19.151,20.238,21.331,22.43,23.723,87.04,90.74,93.52,93.52,93.52,93.52,89.81,89.81,89.81,93.52,93.52,93.52,62.96,62.96,62.96,74.54,74.54,74.54,74.54,74.54,74.54,80.09,80.09,80.09,80.09,80.09,80.09,80.09,80.09
Andorra,AND,27/03/2020,30/03/2020,297.677,375.332,452.986,478.871,530.641,582.411,608.296,634.181,660.066,660.066,660.066,660.066,660.066,660.066,673.008,673.008,673.008,673.008,673.008,673.008,673.008,673.008,673.008,673.008,673.008,673.008,685.951,685.951,685.951,56.48,56.48,56.48,52.78,52.78,52.78,52.78,50,50,50,50,38.89,38.89,38.89,38.89,38.89,38.89,27.78,41.67,41.67,41.67,41.67,41.67,41.67,41.67,41.67,41.67,41.67,41.67
Brazil,BRA,18/03/2020,20/03/2020,0.64,1.689,3.764,6.248,11.042,15.586,23.603,33.05,46.561,61.86,78.999,103.562,125.866,146.778,171.505,196.783,218.809,241.208,268.49,291.137,313.988,339.199,366.255,389.402,412.205,440.173,463.367,484.693,507.397,74.54,74.54,74.54,74.54,74.54,74.54,77.31,77.31,81.02,81.02,81.02,81.02,81.02,77.31,77.31,77.31,77.31,77.31,77.31,81.02,81.02,81.02,81.02,81.02,81.02,72.69,72.69,72.69,72.69
Barbados,BRB,06/04/2020,15/04/2020,20.879,24.359,24.359,24.359,24.359,24.359,24.359,24.359,24.359,24.359,24.359,24.359,24.359,24.359,24.359,24.359,24.359,24.359,24.359,24.359,24.359,24.359,24.359,24.359,24.359,24.359,24.359,24.359,24.359,88.89,88.89,81.48,81.48,81.48,81.48,81.48,81.48,78.7,75,75,66.67,66.67,66.67,57.41,57.41,54.63,54.63,50.93,45.37,48.15,48.15,48.15,48.15,38.89,38.89,38.89,38.89,27.78
Turkey,TUR,19/03/2020,21/03/2020,1.992,5.94,10.766,16.635,23.915,30.828,36.531,41.037,44.333,47.511,49.787,51.459,53.226,54.648,55.858,56.818,57.885,59.296,60.435,61.49,62.628,63.814,64.917,65.96,66.932,67.916,68.924,69.849,71.094,75.93,75.93,75.93,75.93,75.93,75.93,75.93,75.93,75.93,75.93,75.93,75.93,75.93,63.89,63.89,63.89,63.89,63.89,63.89,63.89,63.89,63.89,63.89,42.59,42.59,42.59,48.15,48.15,48.15
Azerbaijan,AZE,21/03/2020,01/04/2020,0.986,1.282,1.874,2.071,2.367,2.564,3.156,3.551,4.241,5.03,6.016,7.693,9.665,11.737,14.104,17.161,20.317,23.769,28.01,31.462,34.914,39.451,43.199,46.158,48.13,49.314,50.201,51.089,51.977,88.89,91.67,91.67,91.67,87.96,87.96,85.19,85.19,77.78,77.78,77.78,85.19,77.78,83.33,77.78,96.3,96.3,96.3,96.3,96.3,96.3,96.3,91.67,91.67,86.11,85.19,85.19,85.19,85.19
Dominican Republic,DOM,21/03/2020,25/03/2020,6.268,9.956,16.317,20.004,24.429,26.365,30.697,35.03,37.703,40.008,42.22,44.709,47.475,49.595,52.36,58.352,61.671,66.188,70.521,75.683,82.689,86.837,92.645,99.835,107.855,114.861,124.079,133.943,141.318,89.81,89.81,89.81,93.52,93.52,97.22,97.22,97.22,97.22,93.52,84.26,84.26,78.7,78.7,78.7,78.7,78.7,75,75,75,75,75,78.7,78.7,78.7,78.7,78.7,78.7,75.93
Qatar,QAT,29/03/2020,08/04/2020,2.43,3.471,3.471,4.165,4.165,4.859,5.206,6.595,10.413,13.884,17.702,23.95,27.768,34.015,37.833,39.916,46.164,50.676,52.758,55.535,57.271,60.394,61.783,65.254,66.642,66.989,67.336,68.378,69.766,86.11,83.33,83.33,83.33,83.33,83.33,83.33,83.33,83.33,83.33,83.33,83.33,80.56,80.56,80.56,80.56,80.56,80.56,80.56,80.56,80.56,77.78,77.78,77.78,77.78,77.78,77.78,77.78,64.81
Cyprus,CYP,25/03/2020,28/03/2020,10.275,11.417,13.7,13.7,15.984,17.125,17.125,18.267,19.409,19.409,19.409,19.409,19.409,20.55,20.55,21.692,21.692,21.692,21.692,21.692,21.692,21.692,21.692,21.692,21.692,21.692,22.834,23.975,23.975,92.59,92.59,94.44,94.44,94.44,94.44,92.59,92.59,92.59,76.85,76.85,76.85,76.85,62.96,62.96,62.96,50,50,50,50,47.22,47.22,47.22,47.22,47.22,47.22,47.22,47.22,50
Italy,ITA,23/02/2020,25/02/2020,2.448,10.436,29.953,66.687,124.128,191.708,254.078,302.356,348.468,391.321,429.511,457.843,480.948,502.714,518.807,532.055,542.243,549.586,555.739,561.743,567.317,570.84,573.502,574.544,576.116,577.455,578.332,579.572,580.399,74.54,85.19,85.19,91.67,91.67,91.67,91.67,87.96,93.52,93.52,93.52,93.52,62.96,62.96,62.96,63.89,63.89,63.89,44.44,44.44,50,55.56,55.56,55.56,55.56,58.33,58.33,58.33,58.33
Ethiopia,ETH,06/04/2020,10/05/2020,0.043,0.043,0.07,0.148,0.235,0.478,0.565,0.652,0.852,0.896,1.044,1.113,1.418,1.635,2.079,2.47,3.305,4.027,4.732,5.758,6.48,7.202,7.985,8.577,9.09,9.638,NULL,NULL,NULL,80.56,80.56,80.56,80.56,80.56,80.56,80.56,80.56,80.56,80.56,80.56,80.56,80.56,80.56,80.56,80.56,80.56,80.56,80.56,80.56,80.56,80.56,80.56,77.78,77.78,NULL,NULL,NULL,NULL
South Korea,KOR,21/02/2020,23/02/2020,0.624,0.995,1.404,1.775,2.341,2.965,3.394,3.901,4.233,4.525,4.681,4.759,4.876,4.993,5.052,5.13,5.188,5.247,5.305,5.325,5.403,5.442,5.461,5.5,5.5,5.559,5.637,5.715,5.793,55.56,55.56,55.56,55.56,75.93,75.93,75.93,82.41,82.41,73.15,43.52,43.52,43.52,43.52,43.52,43.52,39.81,39.81,56.94,56.94,56.94,56.94,56.94,56.94,56.94,54.17,48.61,48.61,48.61
Bahrain,BHR,17/03/2020,08/04/2020,4.114,4.114,4.702,4.702,4.702,5.289,7.052,7.052,8.815,11.166,14.105,19.981,27.621,37.024,45.84,54.067,57.593,61.12,71.11,75.812,82.276,86.39,90.504,95.793,99.907,105.196,109.31,111.073,114.011,75,75,75,75,75,75,75,75,75,75,75,75,75,75,75,75,69.44,69.44,69.44,69.44,69.44,69.44,69.44,69.44,69.44,69.44,60.19,60.19,60.19
Morocco,MAR,12/03/2020,25/03/2020,1.192,2.52,3.414,3.712,4.199,4.47,4.714,5.039,5.093,5.202,5.364,5.473,5.581,5.635,5.744,5.771,5.798,5.96,6.204,6.367,6.773,7.152,7.721,8.561,9.943,12.165,14.44,17.827,22.135,93.52,93.52,93.52,93.52,93.52,93.52,93.52,93.52,93.52,93.52,93.52,93.52,93.52,93.52,76.85,76.85,74.07,64.81,64.81,64.81,64.81,64.81,64.81,64.81,64.81,70.37,70.37,70.37,70.37
Jordan,JOR,29/03/2020,31/03/2020,0.686,0.686,0.686,0.686,0.784,0.882,0.882,0.882,0.882,0.882,0.882,0.882,0.882,0.882,0.882,0.882,0.882,0.98,0.98,0.98,1.078,1.078,1.078,1.078,1.078,1.078,1.078,1.078,1.47,100,100,100,96.3,89.81,87.04,87.04,77.78,77.78,77.78,77.78,77.78,48.15,48.15,48.15,48.15,48.15,48.15,48.15,48.15,48.15,48.15,48.15,48.15,56.48,56.48,56.48,56.48,50.93
Romania,ROU,23/03/2020,24/03/2020,4.886,9.461,15.906,20.793,26.407,32.8,40.078,45.536,52.085,57.024,60.246,63.365,66.484,68.511,71.162,74.697,78.596,82.078,86.653,91.903,97.257,102.455,107.809,113.683,121.792,131.045,141.857,153.553,163.949,87.04,87.04,87.04,87.04,87.04,87.04,87.04,87.04,78.7,75,75,75,57.41,57.41,57.41,41.67,41.67,41.67,41.67,38.89,42.59,42.59,42.59,42.59,42.59,42.59,42.59,42.59,42.59
Burkina Faso,BFA,19/03/2020,29/03/2020,0.909,1.292,1.674,1.866,2.009,2.105,2.296,2.44,2.44,2.488,2.535,2.535,2.535,2.535,2.535,2.535,2.535,2.535,2.535,2.535,2.535,2.535,2.535,2.535,2.583,2.583,2.583,2.631,2.631,84.26,84.26,84.26,84.26,84.26,84.26,67.59,67.59,60.19,60.19,60.19,45.37,45.37,45.37,45.37,45.37,45.37,45.37,45.37,45.37,45.37,45.37,45.37,56.48,56.48,48.15,48.15,48.15,48.15
Paraguay,PRY,21/03/2020,06/04/2020,1.122,1.122,1.262,1.402,1.402,1.402,1.542,1.542,1.542,1.542,1.542,1.542,1.542,1.823,1.823,2.243,2.804,2.804,3.505,4.346,5.328,6.449,7.711,10.095,13.6,22.573,28.742,39.257,50.193,94.44,94.44,94.44,94.44,94.44,94.44,94.44,94.44,81.48,81.48,81.48,83.33,83.33,83.33,81.48,81.48,75.93,75.93,75.93,78.7,78.7,78.7,78.7,78.7,78.7,78.7,78.7,81.48,81.48
United States,USA,01/03/2020,03/03/2020,0.121,0.326,1.423,5.157,15.523,33.199,62.259,100.555,136.141,165.787,196.578,221.844,243.756,268.137,286.106,298.837,315.354,329.735,341.157,350.834,361.686,375.876,384.921,392.586,405.124,415.16,425.694,442.474,459.422,30.09,55.09,72.69,72.69,72.69,72.69,72.69,72.69,72.69,72.69,72.69,72.69,72.69,72.69,72.69,72.69,72.69,72.69,72.69,68.98,68.98,68.98,68.98,68.98,68.98,68.98,67.13,67.13,67.13
Lebanon,LBN,11/03/2020,27/03/2020,2.637,2.93,3.077,3.077,3.516,3.516,3.663,3.809,3.809,3.809,3.809,3.809,4.102,4.395,4.688,4.688,4.835,4.981,5.128,5.274,5.421,5.86,6.739,8.058,9.523,11.135,13.479,15.384,17.728,85.19,85.19,85.19,85.19,85.19,81.48,77.78,77.78,85.19,77.78,77.78,74.07,74.07,74.07,74.07,74.07,74.07,74.07,68.52,68.52,68.52,42.59,41.67,61.11,57.41,61.11,24.07,24.07,64.81
Australia,AUS,01/03/2020,16/03/2020,0.431,0.745,1.333,2.039,2.392,2.745,3.098,3.529,3.726,3.804,3.843,3.882,4,4,4,4,4,4,4,4.078,4.078,4.157,4.235,4.627,5.216,6.549,8.157,10.431,13.804,68.52,71.3,73.15,73.15,73.15,69.44,69.44,69.44,69.44,69.44,65.74,67.13,65.28,63.43,62.04,56.48,46.76,46.76,52.31,52.31,68.98,75.46,71.76,68.06,68.06,68.06,79.17,79.17,79.17
Peru,PER,20/03/2020,22/03/2020,0.91,2.517,5.126,7.704,13.496,21.23,31.876,43.795,57.291,72.577,91.715,110.064,132.568,152.585,174.027,202.84,232.319,260.404,288.246,315.785,343.141,370.892,399.947,541.159,570.669,600.846,632.176,777.876,808.508,94.44,94.44,94.44,94.44,94.44,94.44,96.3,96.3,92.59,92.59,92.59,89.81,89.81,89.81,89.81,89.81,89.81,89.81,89.81,78.7,78.7,75.93,75.93,81.48,81.48,81.48,81.48,85.19,85.19
Hungary,HUN,16/03/2020,23/03/2020,2.174,4.865,10.248,16.148,23.291,28.984,34.678,39.647,43.994,46.686,49.274,52.276,54.449,56.106,57.037,58.486,59.004,59.729,60.557,60.971,61.385,61.592,61.695,61.695,61.695,61.903,62.317,62.834,63.041,76.85,76.85,76.85,76.85,76.85,76.85,76.85,62.96,62.96,62.96,62.96,62.96,62.96,62.96,62.96,62.96,52.78,52.78,52.78,52.78,52.78,52.78,52.78,52.78,52.78,52.78,52.78,49.07,49.07
Malaysia,MYS,18/03/2020,23/03/2020,1.39,1.916,2.255,2.595,2.842,3.028,3.182,3.306,3.368,3.491,3.522,3.553,3.553,3.584,3.646,3.738,3.738,3.738,3.738,3.738,3.738,3.769,3.8,3.8,3.831,3.862,3.862,3.862,3.862,73.15,73.15,73.15,73.15,73.15,73.15,73.15,69.44,69.44,69.44,69.44,75,75,75,57.41,57.41,54.63,50.93,50.93,50.93,50.93,50.93,50.93,43.52,43.52,57.41,57.41,57.41,57.41
Estonia,EST,26/03/2020,02/04/2020,18.092,27.138,32.415,36.938,39.2,41.461,45.984,47.492,47.492,47.492,47.492,47.492,47.492,47.492,47.492,47.492,47.492,47.492,47.492,47.492,47.492,47.492,47.492,47.492,47.492,47.492,47.492,48.246,48.246,77.78,77.78,77.78,75,75,75,62.96,55.56,50,50,37.96,37.96,37.96,37.96,37.96,37.96,22.22,22.22,22.22,22.22,22.22,22.22,19.44,19.44,19.44,19.44,19.44,19.44,19.44
Tunisia,TUN,21/03/2020,26/03/2020,1.523,2.115,2.877,3.215,3.215,3.384,3.638,3.808,3.808,3.977,4.061,4.061,4.146,4.146,4.146,4.231,4.231,4.231,4.231,4.231,4.231,4.231,4.231,4.231,4.315,4.315,4.4,4.738,5.754,90.74,90.74,90.74,90.74,90.74,90.74,87.04,87.04,83.33,83.33,83.33,79.63,68.52,29.63,29.63,29.63,29.63,26.85,26.85,26.85,26.85,26.85,26.85,26.85,26.85,24.07,24.07,24.07,24.07
Slovenia,SVN,18/03/2020,27/03/2020,13.468,21.646,29.342,35.595,38.962,43.772,47.14,49.064,49.545,50.988,50.988,51.95,51.95,51.95,52.431,52.431,53.393,53.393,53.393,53.393,53.393,53.393,55.317,56.279,56.279,57.722,59.646,59.646,61.089,89.81,89.81,89.81,86.11,86.11,75,75,63.89,53.24,42.13,42.13,42.13,33.33,33.33,33.33,33.33,33.33,33.33,33.33,33.33,33.33,43.52,43.52,43.52,43.52,43.52,43.52,43.52,43.52
Mauritius,MUS,22/03/2020,02/04/2020,7.077,7.077,7.077,7.077,7.863,7.863,7.863,7.863,7.863,7.863,7.863,7.863,7.863,7.863,7.863,7.863,7.863,7.863,7.863,7.863,7.863,7.863,7.863,7.863,7.863,7.863,7.863,7.863,7.863,82.41,82.41,82.41,82.41,82.41,82.41,82.41,78.7,78.7,78.7,65.74,65.74,65.74,33.33,33.33,33.33,22.22,22.22,16.67,16.67,16.67,16.67,16.67,16.67,16.67,16.67,16.67,16.67,22.22
Kenya,KEN,27/03/2020,08/04/2020,0.205,0.26,0.26,0.409,0.539,0.67,0.93,0.93,1.023,1.283,1.544,1.711,1.953,2.287,2.548,2.771,3.05,3.422,3.961,4.649,5.207,6.342,7.272,7.867,8.778,9.596,10.396,10.675,10.954,88.89,88.89,88.89,88.89,88.89,88.89,88.89,88.89,88.89,88.89,88.89,88.89,88.89,88.89,84.26,84.26,81.48,81.48,81.48,81.48,78.7,73.15,73.15,73.15,70.37,70.37,70.37,70.37,67.59
Guatemala,GTM,16/03/2020,13/04/2020,0.558,0.837,0.949,1.284,1.507,1.954,2.847,3.796,6.475,12.838,18.643,23.332,29.639,37.509,45.603,54.757,65.418,78.368,85.456,96.787,107.393,115.654,124.026,131.45,139.878,146.8,152.94,157.684,161.703,96.3,96.3,96.3,96.3,96.3,96.3,96.3,96.3,96.3,96.3,96.3,96.3,96.3,96.3,96.3,96.3,96.3,96.3,96.3,87.04,87.04,87.04,87.04,87.04,87.04,87.04,87.04,87.04,87.04
Taiwan,TWN,17/02/2020,30/03/2020,0.21,0.252,0.252,0.252,0.252,0.252,0.252,0.294,0.294,0.294,0.294,0.294,0.294,0.294,0.294,0.294,0.294,0.294,0.294,0.294,0.294,0.294,0.294,0.294,0.294,0.294,0.294,0.294,0.294,27.78,27.78,27.78,27.78,27.78,27.78,22.22,22.22,22.22,22.22,22.22,22.22,22.22,22.22,22.22,19.44,19.44,19.44,19.44,19.44,19.44,19.44,19.44,19.44,19.44,19.44,19.44,19.44,19.44
Mali,MLI,01/04/2020,06/04/2020,0.642,0.691,1.037,1.284,1.58,1.876,2.272,2.716,3.309,3.753,4.197,4.642,5.136,5.333,5.531,5.679,5.827,5.926,5.975,5.975,6.074,6.123,6.123,6.173,6.173,6.173,6.173,6.222,6.222,72.22,72.22,72.22,69.44,69.44,56.48,56.48,56.48,56.48,56.48,52.78,52.78,52.78,52.78,52.78,52.78,52.78,52.78,52.78,52.78,52.78,52.78,47.22,47.22,47.22,47.22,47.22,47.22,47.22
Haiti,HTI,07/04/2020,24/04/2020,0.702,1.052,1.579,1.842,2.28,3.069,4.21,4.473,5.613,7.191,7.718,8.77,9.647,10.261,12.19,12.804,13.506,13.857,14.47,14.997,16.049,17.189,17.189,17.54,17.628,18.592,18.855,19.294,19.382,89.81,89.81,89.81,89.81,89.81,89.81,80.56,80.56,80.56,80.56,77.78,77.78,72.22,72.22,72.22,69.44,28.7,28.7,28.7,28.7,25,17.59,17.59,17.59,17.59,17.59,17.59,17.59,NULL
Bermuda,BMU,07/04/2020,15/04/2020,80.292,96.35,112.408,112.408,144.525,144.525,144.525,144.525,144.525,144.525,144.525,144.525,144.525,144.525,144.525,144.525,144.525,144.525,144.525,144.525,144.525,144.525,144.525,144.525,144.525,144.525,144.525,144.525,144.525,96.3,96.3,72.22,72.22,72.22,72.22,72.22,72.22,72.22,72.22,62.04,62.04,62.04,62.04,48.15,48.15,48.15,48.15,48.15,48.15,48.15,48.15,48.15,48.15,44.44,44.44,44.44,31.48,31.48
Trinidad and Tobago,TTO,26/03/2020,02/04/2020,5.716,5.716,5.716,5.716,5.716,5.716,5.716,5.716,5.716,5.716,5.716,5.716,5.716,5.716,5.716,5.716,5.716,5.716,5.716,5.716,5.716,5.716,5.716,5.716,5.716,5.716,8.575,10.718,13.576,79.63,79.63,79.63,90.74,90.74,90.74,90.74,90.74,87.04,87.04,87.04,87.04,77.78,77.78,77.78,60.19,60.19,60.19,60.19,60.19,60.19,60.19,60.19,60.19,60.19,60.19,80.56,80.56,80.56
Afghanistan,AFG,24/03/2020,05/04/2020,0.591,0.848,1.105,1.541,2.312,2.954,3.494,4.573,5.6,6.319,7.552,9.479,11.585,14.026,15.875,18.521,21.039,24.07,25.996,29.901,31.108,32.65,32.984,33.575,34.782,35.321,35.63,35.989,36.118,84.26,84.26,84.26,84.26,84.26,84.26,84.26,84.26,84.26,84.26,84.26,78.7,78.7,78.7,78.7,78.7,78.7,78.7,78.7,78.7,78.7,78.7,78.7,71.3,71.3,48.15,48.15,21.3,21.3
